review_set,review_id,utterance,source,source_group,source_record_id,reviewed_Formality,reviewed_Energy,reviewed_Intimacy,reviewed_Humor,reviewed_Curiosity,reviewer_id,review_status,reviewer_notes
train,train-0001,I think are you are you maybe kind of thinking what we absolutely have to have and what would be nice?,ami_real,ES2002b,ES2002b.B.dialog-act.dharshi.77,,,,,,,pending,
train,train-0002,which ones are we going to scratch definitely?,ami_real,TS3012d,TS3012d.B.dialog-act.vkaraisk.177,,,,,,,pending,
train,train-0003,I though it was brilliant no?,ami_real,ES2011d,ES2011d.D.dialog-act.dharshi.181,,,,,,,pending,
train,train-0004,"Well, do you wanna maybe just, at this point decide on what we absolutely must have as a p as a function of this.",ami_real,ES2002b,ES2002b.B.dialog-act.dharshi.80,,,,,,,pending,
train,train-0005,"Yeah I'm I'm no I'm not definitely convinced it's it's the best way to if you wanna jump from, I dunno, one to twenty?",ami_real,IS1003d,IS1003d.D.dialog-act.dharshi.86,,,,,,,pending,
train,train-0006,"Uh, okay, definitely easy to use.",ami_real,IS1004d,IS1004d.B.dialog-act.dharshi.120,,,,,,,pending,
train,train-0007,I hate I hate looking at a control and seeing a million tiny little buttons with tiny little words saying what they all do,ami_real,ES2004a,ES2004a.B.dialog-act.s9553330.131,,,,,,,pending,
train,train-0008,"Has to be so great that they're gonna say, uh twenty five Euros isn't much.",ami_real,IS1009b,IS1009b.D.dialog-act.dharshi.95,,,,,,,pending,
train,train-0009,So that could be a great um application.,ami_real,IS1006a,IS1006a.A.dialog-act.dharshi.60,,,,,,,pending,
train,train-0010,I think it's a it's a great animal.,ami_real,TS3006a,TS3006a.B.dialog-act.vkaraisk.30,,,,,,,pending,
train,train-0011,"Be what we were told, and they'd say yeah, definitely.",ami_real,ES2016d,ES2016d.C.dialog-act.dharshi.108,,,,,,,pending,
train,train-0012,we definitely priced out a spongy even spongier non-natural look um materials,ami_real,ES2009d,ES2009d.C.dialog-act.vkaraisk.63,,,,,,,pending,
train,train-0013,You love the eyes.,ami_real,IS1003a,IS1003a.A.dialog-act.vkaraisk.92,,,,,,,pending,
train,train-0014,I'd say definitely a one yeah.,ami_real,ES2012d,ES2012d.B.dialog-act.vkaraisk.79,,,,,,,pending,
train,train-0015,so um I would say that they are definitely less relevant.,ami_real,ES2013b,ES2013b.C.dialog-act.vkaraisk.113,,,,,,,pending,
train,train-0016,get great popularity for our product.,ami_real,TS3003c,TS3003c.D.dialog-act.vkaraisk.56,,,,,,,pending,
train,train-0017,"If we try to tell people it has too many great features, um the consumer just gets confused and we don't get anywhere.",ami_real,IS1009c,IS1009c.D.dialog-act.dharshi.78,,,,,,,pending,
train,train-0018,Yeah. Isn't it amazing.,ami_real,TS3010c,TS3010c.A.dialog-act.dharshi.12,,,,,,,pending,
train,train-0019,"No, but definitely better, much better than uh than uh than avera average, yeah.",ami_real,TS3004d,TS3004d.A.dialog-act.dharshi.173,,,,,,,pending,
train,train-0020,but the designers thought they were great.,ami_real,ES2006a,ES2006a.C.dialog-act.s9553330.185,,,,,,,pending,
train,train-0021,that you can usually do that with uh either a old old remote control if they really hate that thing,ami_real,TS3012b,TS3012b.A.dialog-act.vkaraisk.327,,,,,,,pending,
train,train-0022,"Yeah, that's a great idea. Well done.",ami_real,ES2007c,ES2007c.A.dialog-act.dharshi.186,,,,,,,pending,
train,train-0023,"Well it's it's definitely the obvious choice, with the colour of our company.",ami_real,IS1005c,IS1005c.D.dialog-act.dharshi.82,,,,,,,pending,
train,train-0024,Oh definitely different yeah.,ami_real,ES2015d,ES2015d.A.dialog-act.dharshi.104,,,,,,,pending,
train,train-0025,I think it's a great idea if we can design it to to suit those requirements.,ami_real,IS1008b,IS1008b.C.dialog-act.vkaraisk.52,,,,,,,pending,
train,train-0026,"So uh to answer that honestly I would rather say like uh, we have not solved the problem completely with the ugly remote because the colour is ugly, definitely.",ami_real,ES2016d,ES2016d.B.dialog-act.dharshi.36,,,,,,,pending,
train,train-0027,But the most important thing is that it looks great,ami_real,TS3009c,TS3009c.D.dialog-act.s9553330.41,,,,,,,pending,
train,train-0028,Too great for email then.,ami_real,IS1003b,IS1003b.B.dialog-act.vkaraisk.10,,,,,,,pending,
train,train-0029,and unfortunately all I had to work on was our uh our corporate archives of the great products we've made before,ami_real,ES2005b,ES2005b.A.dialog-act.dharshi.55,,,,,,,pending,
train,train-0030,"Okay, tha that would be great",ami_real,IS1008c,IS1008c.A.dialog-act.s9553330.35,,,,,,,pending,
train,train-0031,I think most definitely.,ami_real,ES2012d,ES2012d.A.dialog-act.vkaraisk.155,,,,,,,pending,
train,train-0032,It's definitely significantly harder once you are doing it.,ami_real,ES2008a,ES2008a.D.dialog-act.vkaraisk.30,,,,,,,pending,
train,train-0033,Sounds brilliant to me.,ami_real,ES2015c,ES2015c.B.dialog-act.dharshi.107,,,,,,,pending,
train,train-0034,"It seems also like with the speech recognition, yeah, it's a great feature",ami_real,IS1008b,IS1008b.C.dialog-act.vkaraisk.32,,,,,,,pending,
train,train-0035,but it sounds wonderful.,ami_real,ES2004b,ES2004b.D.dialog-act.s9553330.160,,,,,,,pending,
train,train-0036,it could have been amazing.,ami_real,ES2009d,ES2009d.B.dialog-act.vkaraisk.173,,,,,,,pending,
train,train-0037,I mean it still seems definitely fit that p,ami_real,ES2014d,ES2014d.B.dialog-act.s9553330.160,,,,,,,pending,
train,train-0038,Uh uh I think that will be great.,ami_real,TS3007b,TS3007b.C.dialog-act.vkaraisk.171,,,,,,,pending,
train,train-0039,That would be great.,ami_real,IB4003,IB4003.D.dialog-act.s9553330.252,,,,,,,pending,
train,train-0040,"so you know, definitely you should be looking at something quite different.",ami_real,ES2006b,ES2006b.B.dialog-act.s9553330.25,,,,,,,pending,
train,train-0041,it's got a great memory.,ami_real,ES2007a,ES2007a.B.dialog-act.dharshi.18,,,,,,,pending,
train,train-0042,Um so those are two things that we definitely do wanna address,ami_real,IS1009b,IS1009b.D.dialog-act.dharshi.70,,,,,,,pending,
train,train-0043,but I love cats.,ami_real,ES2010a,ES2010a.B.dialog-act.dharshi.10,,,,,,,pending,
train,train-0044,The locator'll definitely be more expensive.,ami_real,IS1002b,IS1002b.B.dialog-act.s9553330.206,,,,,,,pending,
train,train-0045,"So we're really probably, in terms of marketing, are looking for that's uh that's a cost winner rather than a fantastic new feature product.",ami_real,IS1002b,IS1002b.A.dialog-act.s9553330.31,,,,,,,pending,
train,train-0046,"No, definitely not. Definitely not.",ami_real,TS3008d,TS3008d.D.dialog-act.dharshi.44,,,,,,,pending,
train,train-0047,"Yeah, yeah I think that's definitely a good idea.",ami_real,ES2002b,ES2002b.B.dialog-act.dharshi.315,,,,,,,pending,
train,train-0048,and I get to do another fantastic PowerPoint presentation.,ami_real,ES2004a,ES2004a.B.dialog-act.s9553330.175,,,,,,,pending,
train,train-0049,Yeah that looks uh great.,ami_real,TS3006d,TS3006d.B.dialog-act.dharshi.145,,,,,,,pending,
train,train-0050,So it's very important we should definitely have that in our uh designs.,ami_real,TS3009b,TS3009b.D.dialog-act.s9553330.98,,,,,,,pending,
train,train-0051,I think it's awesome. I think it's really cool.,ami_real,ES2008c,ES2008c.A.dialog-act.vkaraisk.155,,,,,,,pending,
train,train-0052,I think it's brilliant.,ami_real,TS3008b,TS3008b.A.dialog-act.dharshi.346,,,,,,,pending,
train,train-0053,"I'd say, when it comes to the ergonomics, the form and stuff, yes that's definitely more beautiful than your average.",ami_real,ES2016d,ES2016d.B.dialog-act.dharshi.33,,,,,,,pending,
train,train-0054,"Nay that that that's true, that's true. They're definitely needed.",ami_real,TS3008d,TS3008d.D.dialog-act.dharshi.162,,,,,,,pending,
train,train-0055,That thing is terrible.,ami_real,TS3009b,TS3009b.A.dialog-act.s9553330.262,,,,,,,pending,
train,train-0056,"it's gonna be more than just the biggest case, definitely.",ami_real,IS1000d,IS1000d.A.dialog-act.vkaraisk.354,,,,,,,pending,
train,train-0057,"Child labour man, we love it.",ami_real,TS3006c,TS3006c.C.dialog-act.dharshi.109,,,,,,,pending,
train,train-0058,We definitely know how it's powered,ami_real,ES2007c,ES2007c.A.dialog-act.dharshi.254,,,,,,,pending,
train,train-0059,I love the idea of the wheel like the iPod.,ami_real,ES2008c,ES2008c.D.dialog-act.vkaraisk.90,,,,,,,pending,
train,train-0060,Definitely one. It has to be.,ami_real,TS3006d,TS3006d.C.dialog-act.dharshi.127,,,,,,,pending,
train,train-0061,but definitely in another colour,ami_real,ES2015d,ES2015d.B.dialog-act.dharshi.128,,,,,,,pending,
train,train-0062,"Yeah, I think I find it really funny and amazing and interesting to go through all the process to from the beginning to the end.",ami_real,IS1003d,IS1003d.B.dialog-act.dharshi.272,,,,,,,pending,
train,train-0063,And the ease-of-use remote control with uh the less p possibilities but a great feeling in in touching the buttons.,ami_real,TS3011b,TS3011b.B.dialog-act.vkaraisk.39,,,,,,,pending,
train,train-0064,which we can get a great advantage point.,ami_real,TS3003c,TS3003c.A.dialog-act.vkaraisk.141,,,,,,,pending,
train,train-0065,"and make sure that you all work together in a productive way, so that by the end of the day we come up with a great product.",ami_real,ES2006a,ES2006a.C.dialog-act.s9553330.127,,,,,,,pending,
train,train-0066,That's that's definitely a cat.,ami_real,IS1000a,IS1000a.B.dialog-act.vkaraisk.140,,,,,,,pending,
train,train-0067,so I think it that's that deserves a one. Definitely.,ami_real,TS3012d,TS3012d.A.dialog-act.vkaraisk.306,,,,,,,pending,
train,train-0068,"And definitely if it could have less buttons, still maybe the same number of um functions, but less buttons",ami_real,IS1003b,IS1003b.A.dialog-act.vkaraisk.111,,,,,,,pending,
train,train-0069,It would be a great idea,ami_real,IS1005c,IS1005c.A.dialog-act.dharshi.161,,,,,,,pending,
train,train-0070,"Um so here's you know, a great schematic that my uh apprentice designer gave me.",ami_real,ES2005b,ES2005b.A.dialog-act.dharshi.92,,,,,,,pending,
train,train-0071,I think it's definitely different than anything else out there.,ami_real,ES2016d,ES2016d.A.dialog-act.dharshi.53,,,,,,,pending,
train,train-0072,we thought of the components it was definitely um a focus of ergonomics and just a single ha handheld device,ami_real,ES2015d,ES2015d.B.dialog-act.dharshi.74,,,,,,,pending,
train,train-0073,'cause I think we're definitely going for the speech recognition,ami_real,ES2005c,ES2005c.D.dialog-act.dharshi.151,,,,,,,pending,
train,train-0074,"But um, I think the logo would definitely be recognisable.",ami_real,ES2014d,ES2014d.C.dialog-act.s9553330.82,,,,,,,pending,
train,train-0075,"Oh, that would be brilliant.",ami_real,ES2015d,ES2015d.C.dialog-act.dharshi.162,,,,,,,pending,
train,train-0076,this would definitely be a good way of selling more.,ami_real,IS1003b,IS1003b.A.dialog-act.vkaraisk.112,,,,,,,pending,
train,train-0077,"Yeah, that's great for us.",ami_real,ES2007c,ES2007c.C.dialog-act.dharshi.150,,,,,,,pending,
train,train-0078,but it's definitely different.,ami_real,ES2015d,ES2015d.D.dialog-act.dharshi.80,,,,,,,pending,
train,train-0079,and this will definitely enhance our uh market sales,ami_real,ES2005b,ES2005b.B.dialog-act.dharshi.129,,,,,,,pending,
train,train-0080,"So we've gotta narrow our selection down to li two things, I think, that we gonna say are really great about our our our new product.",ami_real,IS1009c,IS1009c.D.dialog-act.dharshi.79,,,,,,,pending,
train,train-0081,I think we are great.,ami_real,IS1006d,IS1006d.D.dialog-act.s9553330.409,,,,,,,pending,
train,train-0082,"Mm, love to eat that now.",ami_real,ES2005d,ES2005d.D.dialog-act.dharshi.115,,,,,,,pending,
train,train-0083,so if we were uh definitely gonna go with the the voice option we'd probably have to design um our own chip.,ami_real,ES2012c,ES2012c.B.dialog-act.vkaraisk.55,,,,,,,pending,
train,train-0084,"but it would be great for users I think, and very good for marketing.",ami_real,IS1005c,IS1005c.A.dialog-act.dharshi.170,,,,,,,pending,
train,train-0085,"But if we would make um a changing channels and changing volume button on both sides, that would certainly yield great options for the design of the remote.",ami_real,TS3003c,TS3003c.D.dialog-act.vkaraisk.141,,,,,,,pending,
train,train-0086,Okay. So I received an email um around lunchtime letting me know that the brilliant minds at our technology division had developed an integrated programmable sample sensor sample speaker unit,ami_real,IS1004c,IS1004c.B.dialog-act.dharshi.56,,,,,,,pending,
train,train-0087,"With eye candy, ear candy, whatever. Yeah, definitely.",ami_real,TS3008b,TS3008b.D.dialog-act.dharshi.179,,,,,,,pending,
train,train-0088,and I see the scroll as a as a great mechanism for surfing.,ami_real,IS1002c,IS1002c.D.dialog-act.s9553330.159,,,,,,,pending,
train,train-0089,"It is handy, it's handy, but it it's terrible.",ami_real,IS1004d,IS1004d.B.dialog-act.dharshi.132,,,,,,,pending,
train,train-0090,"and, you know, channel selection and volume selection are absolutely essential",ami_real,ES2006b,ES2006b.B.dialog-act.s9553330.59,,,,,,,pending,
train,train-0091,"Yes. Yes, yes this is Yes definitely a horse. Yes.",ami_real,IS1000a,IS1000a.B.dialog-act.vkaraisk.127,,,,,,,pending,
train,train-0092,"and people say wow, that's real great uh great concept.",ami_real,TS3009c,TS3009c.D.dialog-act.s9553330.42,,,,,,,pending,
train,train-0093,"I know, and it becomes ridiculous, yes I know.",ami_real,ES2004b,ES2004b.D.dialog-act.s9553330.138,,,,,,,pending,
train,train-0094,I like the covers. That's a brilliant idea.,ami_real,TS3012b,TS3012b.C.dialog-act.vkaraisk.212,,,,,,,pending,
train,train-0095,No it looks great.,ami_real,TS3009a,TS3009a.D.dialog-act.s9553330.63,,,,,,,pending,
train,train-0096,I think the base would definitely be larger,ami_real,ES2011d,ES2011d.B.dialog-act.dharshi.90,,,,,,,pending,
train,train-0097,and they're not that great anyway.,ami_real,ES2004b,ES2004b.C.dialog-act.s9553330.101,,,,,,,pending,
train,train-0098,So we definitely want a power button and numbers.,ami_real,ES2011b,ES2011b.A.dialog-act.dharshi.114,,,,,,,pending,
train,train-0099,Ours has to be look really great and it has to come out before the others,ami_real,IS1009c,IS1009c.D.dialog-act.dharshi.75,,,,,,,pending,
train,train-0100,The the style of these is terrible.,ami_real,ES2013b,ES2013b.C.dialog-act.vkaraisk.60,,,,,,,pending,
train,train-0101,Definitely when when I first filled out the questionnaire I was marking it probably higher in terms of how much I had to how much I stressed over it,ami_real,ES2009d,ES2009d.B.dialog-act.vkaraisk.230,,,,,,,pending,
train,train-0102,"Yeah, definitely. Just bring more designs on the market.",ami_real,TS3008c,TS3008c.D.dialog-act.dharshi.244,,,,,,,pending,
train,train-0103,because it will definitely enhance our sales in this ag in this particular age group from uh fifteen to thirty five,ami_real,ES2005b,ES2005b.B.dialog-act.dharshi.65,,,,,,,pending,
train,train-0104,"We evaluated ourselves, we thought we were great.",ami_real,ES2005d,ES2005d.C.dialog-act.dharshi.190,,,,,,,pending,
train,train-0105,Supposed to have a great memory,ami_real,ES2007a,ES2007a.B.dialog-act.dharshi.19,,,,,,,pending,
train,train-0106,"Yeah, we're definitely not in the money making department.",ami_real,ES2007c,ES2007c.C.dialog-act.dharshi.196,,,,,,,pending,
train,train-0107,That was that was great.,ami_real,ES2008b,ES2008b.A.dialog-act.vkaraisk.49,,,,,,,pending,
train,train-0108,"So that if that was in the the voice recognition, that would be great.",ami_real,ES2006b,ES2006b.C.dialog-act.s9553330.221,,,,,,,pending,
train,train-0109,and because it impacts on other on the materials and the price it's not great.,ami_real,ES2014c,ES2014c.C.dialog-act.s9553330.62,,,,,,,pending,
train,train-0110,"because we definitely want to make it kind of flashy, to attract a young public.",ami_real,TS3004c,TS3004c.C.dialog-act.vkaraisk.100,,,,,,,pending,
train,train-0111,And uh the feeling has to be very great.,ami_real,TS3009c,TS3009c.D.dialog-act.s9553330.19,,,,,,,pending,
train,train-0112,which is uh quite a great score.,ami_real,TS3008d,TS3008d.A.dialog-act.dharshi.220,,,,,,,pending,
train,train-0113,I'm really excited to start this team.,ami_real,ES2008a,ES2008a.A.dialog-act.vkaraisk.5,,,,,,,pending,
train,train-0114,"If everyone could do that as well, that'd be great.",ami_real,ES2008b,ES2008b.A.dialog-act.vkaraisk.287,,,,,,,pending,
train,train-0115,"And uh I think it would be great if you could edit it from, just with a mouse, from where you're sitting.",ami_real,TS3004d,TS3004d.B.dialog-act.dharshi.255,,,,,,,pending,
train,train-0116,it's gonna cause great technical problems over here.,ami_real,ES2012b,ES2012b.A.dialog-act.vkaraisk.202,,,,,,,pending,
train,train-0117,"Okay. Wonderful, well done.",ami_real,ES2007a,ES2007a.A.dialog-act.dharshi.45,,,,,,,pending,
train,train-0118,Okay uh tha that's look great.,ami_real,IS1006b,IS1006b.A.dialog-act.vkaraisk.32,,,,,,,pending,
train,train-0119,but we we made a a basic decision that that was absolutely fundamental to the to the design,ami_real,ES2012d,ES2012d.A.dialog-act.vkaraisk.112,,,,,,,pending,
train,train-0120,that the current styles are just plain awful.,ami_real,ES2013b,ES2013b.A.dialog-act.vkaraisk.178,,,,,,,pending,
train,train-0121,"Yes. Yes, definitely. Yeah.",ami_real,TS3008b,TS3008b.D.dialog-act.dharshi.169,,,,,,,pending,
train,train-0122,"So if they think that what is out there is ugly, then yes I would say, I would say most definitely.",ami_real,ES2016d,ES2016d.A.dialog-act.dharshi.54,,,,,,,pending,
train,train-0123,"'cause I've definitely picked up remotes and like meant to change the channel and turn the volume, or vice versa",ami_real,ES2012c,ES2012c.B.dialog-act.vkaraisk.118,,,,,,,pending,
train,train-0124,Think of a all these young people who would love to say that this remote control only works for them,ami_real,IS1006b,IS1006b.D.dialog-act.vkaraisk.241,,,,,,,pending,
train,train-0125,But that's definitely more expensive,ami_real,TS3004c,TS3004c.A.dialog-act.vkaraisk.56,,,,,,,pending,
train,train-0126,Digital pen is horrible.,ami_real,TS3004d,TS3004d.A.dialog-act.dharshi.285,,,,,,,pending,
train,train-0127,"And also um I will ask the Market Expert to uh try to find out what are the absolute requirements, what is absolutely needed in a remote control uh for the user.",ami_real,IS1001a,IS1001a.A.dialog-act.s9553330.127,,,,,,,pending,
train,train-0128,and then we could make sure we definitely had all the button supplements.,ami_real,ES2014d,ES2014d.B.dialog-act.s9553330.121,,,,,,,pending,
train,train-0129,We could definitely have done better if we've had more resources,ami_real,TS3012d,TS3012d.B.dialog-act.vkaraisk.115,,,,,,,pending,
train,train-0130,that will be great.,ami_real,IS1008b,IS1008b.A.dialog-act.vkaraisk.216,,,,,,,pending,
train,train-0131,So that would be great for that.,ami_real,TS3003c,TS3003c.D.dialog-act.vkaraisk.132,,,,,,,pending,
train,train-0132,"Um, I don't think we have any great discussion at this point.",ami_real,IS1009a,IS1009a.A.dialog-act.dharshi.23,,,,,,,pending,
train,train-0133,"Forty no sorry for forty five to fifty five age group, uh to put myself right in the middle of it, um u use remote controls to a great extent.",ami_real,ES2012b,ES2012b.A.dialog-act.vkaraisk.113,,,,,,,pending,
train,train-0134,we definitely know that um it's gonna be a simple buttons,ami_real,ES2007c,ES2007c.A.dialog-act.dharshi.255,,,,,,,pending,
train,train-0135,"It i Yeah, it seems feasible, and it would be something very great.",ami_real,IS1005c,IS1005c.A.dialog-act.dharshi.190,,,,,,,pending,
train,train-0136,But that's definitely a possibility.,ami_real,ES2006b,ES2006b.C.dialog-act.s9553330.228,,,,,,,pending,
train,train-0137,"Oh right, okay, brilliant. Like that from its centre.",ami_real,ES2005d,ES2005d.C.dialog-act.dharshi.45,,,,,,,pending,
train,train-0138,it's not a great difference I don't think.,ami_real,ES2006d,ES2006d.B.dialog-act.s9553330.242,,,,,,,pending,
train,train-0139,if the management expect us to be techno again fail again technologically innovative um that they they have to accept that we we can't operate absolutely within uh the constraints that they give,ami_real,ES2012d,ES2012d.A.dialog-act.vkaraisk.133,,,,,,,pending,
train,train-0140,I would definitely go for that rather than like your average plain old remote like that,ami_real,ES2015d,ES2015d.B.dialog-act.dharshi.127,,,,,,,pending,
train,train-0141,which is something that definitely appeals to younger people.,ami_real,ES2008b,ES2008b.C.dialog-act.vkaraisk.171,,,,,,,pending,
train,train-0142,"I like the idea of speech recognition, that's a great idea",ami_real,ES2013b,ES2013b.B.dialog-act.vkaraisk.84,,,,,,,pending,
train,train-0143,I think this is a brilliant product.,ami_real,TS3012b,TS3012b.C.dialog-act.vkaraisk.209,,,,,,,pending,
train,train-0144,"It's definitely channel, volume, power.",ami_real,ES2013b,ES2013b.D.dialog-act.vkaraisk.204,,,,,,,pending,
train,train-0145,Uh also definitely a user-friendly interface,ami_real,ES2012b,ES2012b.B.dialog-act.vkaraisk.98,,,,,,,pending,
train,train-0146,"that's definitely a very important factor, especially to users who are gonna be buying the thing and then using it almost on an daily basis in a lot of cases, I think.",ami_real,IS1008b,IS1008b.C.dialog-act.vkaraisk.116,,,,,,,pending,
train,train-0147,"It's a it's great, it's a good idea",ami_real,ES2005c,ES2005c.D.dialog-act.dharshi.170,,,,,,,pending,
train,train-0148,and uh the technology that was in that one wasn't particularly amazing,ami_real,ES2002b,ES2002b.C.dialog-act.dharshi.75,,,,,,,pending,
train,train-0149,I hate doing work for nothing.,ami_real,TS3006c,TS3006c.A.dialog-act.dharshi.71,,,,,,,pending,
train,train-0150,Um if next we can have the um User Interface Developer go ahead and make a brief presentation that'd be great as well.,ami_real,ES2009b,ES2009b.A.dialog-act.vkaraisk.61,,,,,,,pending,
train,train-0151,The digital pen was definitely better to draw my ideas and to further elaborate on that.,ami_real,TS3012d,TS3012d.B.dialog-act.vkaraisk.127,,,,,,,pending,
train,train-0152,So that's pretty fantastic.,ami_real,ES2015d,ES2015d.B.dialog-act.dharshi.221,,,,,,,pending,
train,train-0153,So guys let this uh wonderful thing.,ami_real,IS1004d,IS1004d.A.dialog-act.dharshi.22,,,,,,,pending,
train,train-0154,"Um, and the technology has definitely been a help",ami_real,ES2009d,ES2009d.D.dialog-act.vkaraisk.153,,,,,,,pending,
train,train-0155,I I would say definitely,ami_real,ES2003c,ES2003c.A.dialog-act.vkaraisk.110,,,,,,,pending,
train,train-0156,That that would be great,ami_real,IB4003,IB4003.D.dialog-act.s9553330.274,,,,,,,pending,
train,train-0157,"And also, my drawing skill isn't that great so, yeah.",ami_real,ES2004a,ES2004a.C.dialog-act.s9553330.6,,,,,,,pending,
train,train-0158,I mean my remote control is kinda at home is pretty terrible.,ami_real,IS1004d,IS1004d.B.dialog-act.dharshi.160,,,,,,,pending,
train,train-0159,Uh I I think it's a great idea.,ami_real,TS3008b,TS3008b.A.dialog-act.dharshi.290,,,,,,,pending,
train,train-0160,But you definitely get a specific instruction.,ami_real,TS3004c,TS3004c.A.dialog-act.vkaraisk.214,,,,,,,pending,
train,train-0161,I I think we've done an amazing job,ami_real,ES2012d,ES2012d.A.dialog-act.vkaraisk.191,,,,,,,pending,
train,train-0162,I mean so many remote controls look absolutely identical,ami_real,ES2004b,ES2004b.D.dialog-act.s9553330.202,,,,,,,pending,
train,train-0163,we definitely need to operate within our constraints,ami_real,ES2006b,ES2006b.A.dialog-act.s9553330.79,,,,,,,pending,
train,train-0164,and I think that's a great idea.,ami_real,ES2009b,ES2009b.A.dialog-act.vkaraisk.185,,,,,,,pending,
train,train-0165,"I love cats, too.",ami_real,ES2010a,ES2010a.A.dialog-act.dharshi.45,,,,,,,pending,
train,train-0166,And again we have another another great marketing tool.,ami_real,IS1002c,IS1002c.D.dialog-act.s9553330.180,,,,,,,pending,
train,train-0167,because um when when uh when I use a remote I l I hate the buttons but buttons at the at the bottom.,ami_real,TS3009b,TS3009b.A.dialog-act.s9553330.266,,,,,,,pending,
train,train-0168,But we definitely want the thing to be a special colour though.,ami_real,TS3006d,TS3006d.C.dialog-act.dharshi.91,,,,,,,pending,
train,train-0169,I think having a shape could be a little ridiculous,ami_real,ES2016c,ES2016c.D.dialog-act.dharshi.84,,,,,,,pending,
train,train-0170,"I don't know even much about giraffes, but I just love the way they look.",ami_real,ES2010a,ES2010a.A.dialog-act.dharshi.63,,,,,,,pending,
train,train-0171,you want something you can definitely grip.,ami_real,ES2012c,ES2012c.B.dialog-act.vkaraisk.203,,,,,,,pending,
train,train-0172,Yeah colour will definitely be a factor.,ami_real,ES2015d,ES2015d.A.dialog-act.dharshi.128,,,,,,,pending,
train,train-0173,"so you didn't st go off and think, wouldn't it be great to have a vibrating remote control shaped like a banana",ami_real,ES2006d,ES2006d.B.dialog-act.s9553330.259,,,,,,,pending,
train,train-0174,But it has to look great.,ami_real,TS3009c,TS3009c.D.dialog-act.s9553330.38,,,,,,,pending,
train,train-0175,"And yes that's wi uh this will definitely, this can definitely put uh uh enhance our sales.",ami_real,ES2005b,ES2005b.B.dialog-act.dharshi.35,,,,,,,pending,
train,train-0176,"Yeah, i if if it would be faster, it would be great.",ami_real,TS3004d,TS3004d.C.dialog-act.dharshi.207,,,,,,,pending,
train,train-0177,"Ye I think the can opener i is a brilliant idea actually, because television and beer is not a rare combination.",ami_real,TS3008b,TS3008b.D.dialog-act.dharshi.139,,,,,,,pending,
train,train-0178,Um I'm very excited by this one actually guys,ami_real,ES2008c,ES2008c.B.dialog-act.vkaraisk.7,,,,,,,pending,
train,train-0179,"Definitely in casing, 'cause we have a hard plastic",ami_real,TS3006d,TS3006d.C.dialog-act.dharshi.194,,,,,,,pending,
train,train-0180,I mean it can look really great,ami_real,ES2008b,ES2008b.D.dialog-act.vkaraisk.127,,,,,,,pending,
train,train-0181,"I just love you tech guys, huh.",ami_real,IS1002c,IS1002c.D.dialog-act.s9553330.14,,,,,,,pending,
train,train-0182,but it will be terrible.,ami_real,IS1005c,IS1005c.B.dialog-act.dharshi.184,,,,,,,pending,
train,train-0183,"Oh oh okay, great.",ami_real,IS1006d,IS1006d.A.dialog-act.s9553330.112,,,,,,,pending,
train,train-0184,"And they're not so great to dispose of, environmentally.",ami_real,ES2015c,ES2015c.B.dialog-act.dharshi.35,,,,,,,pending,
train,train-0185,and it's really ridiculous how many words people say like just in the middle of their sentences like that,ami_real,ES2009d,ES2009d.D.dialog-act.vkaraisk.336,,,,,,,pending,
train,train-0186,"so whenever whenever you're feeling sort of a bit a bit down or tired, they're always coming up and they're always um quite excited.",ami_real,ES2014a,ES2014a.D.dialog-act.s9553330.32,,,,,,,pending,
train,train-0187,Uh it definitely needs uh a lot more research,ami_real,ES2013b,ES2013b.C.dialog-act.vkaraisk.7,,,,,,,pending,
train,train-0188,So double or triple?,ami_real,ES2010a,ES2010a.D.dialog-act.dharshi.43,,,,,,,pending,
train,train-0189,Well so why not add a couple of grey stripes and make it look like a banana?,ami_real,ES2016c,ES2016c.B.dialog-act.dharshi.188,,,,,,,pending,
train,train-0190,Who would like wanna go first?,ami_real,TS3012b,TS3012b.A.dialog-act.vkaraisk.35,,,,,,,pending,
train,train-0191,Is it possible to fit in to that?,ami_real,IS1000c,IS1000c.C.dialog-act.vkaraisk.172,,,,,,,pending,
train,train-0192,And we're having a custom chip?,ami_real,ES2012c,ES2012c.D.dialog-act.vkaraisk.145,,,,,,,pending,
train,train-0193,With a rubber case right?,ami_real,ES2014c,ES2014c.A.dialog-act.s9553330.255,,,,,,,pending,
train,train-0194,Oh does it have smart materials by the way?,ami_real,ES2015d,ES2015d.D.dialog-act.dharshi.336,,,,,,,pending,
train,train-0195,"Has it something to do with that uh natural feeling also, do you think?",ami_real,TS3011c,TS3011c.C.dialog-act.vkaraisk.29,,,,,,,pending,
train,train-0196,do you have anything else to add to that?,ami_real,ES2009d,ES2009d.C.dialog-act.vkaraisk.29,,,,,,,pending,
train,train-0197,"Uh, this is was uh the evaluation?",ami_real,TS3008d,TS3008d.A.dialog-act.dharshi.222,,,,,,,pending,
train,train-0198,I've one little question about um a total touch screen,ami_real,TS3007b,TS3007b.A.dialog-act.vkaraisk.91,,,,,,,pending,
train,train-0199,You don't have it in the States?,ami_real,ES2008b,ES2008b.C.dialog-act.vkaraisk.107,,,,,,,pending,
train,train-0200,"Do we have a fancy look and feel, according to you?",ami_real,IS1003d,IS1003d.D.dialog-act.dharshi.39,,,,,,,pending,
train,train-0201,Which one was it?,ami_real,TS3008d,TS3008d.A.dialog-act.dharshi.390,,,,,,,pending,
train,train-0202,Um so is there anything else you'd like to know?,ami_real,ES2006a,ES2006a.D.dialog-act.s9553330.46,,,,,,,pending,
train,train-0203,what does that mean?,ami_real,ES2006b,ES2006b.A.dialog-act.s9553330.3,,,,,,,pending,
train,train-0204,But how does it display then?,ami_real,TS3008c,TS3008c.B.dialog-act.dharshi.126,,,,,,,pending,
train,train-0205,or have we missed anything?,ami_real,IS1008b,IS1008b.C.dialog-act.vkaraisk.122,,,,,,,pending,
train,train-0206,Know what I mean?,ami_real,TS3012b,TS3012b.C.dialog-act.vkaraisk.119,,,,,,,pending,
train,train-0207,What do you mean?,ami_real,TS3006d,TS3006d.C.dialog-act.dharshi.281,,,,,,,pending,
train,train-0208,"So we're going for plastic, yes?",ami_real,ES2014d,ES2014d.A.dialog-act.s9553330.220,,,,,,,pending,
train,train-0209,So just for a television is that all we need?,ami_real,TS3009b,TS3009b.A.dialog-act.s9553330.369,,,,,,,pending,
train,train-0210,"but the question is how to merge you know the Google system to the system, alright.",ami_real,IS1003b,IS1003b.B.dialog-act.vkaraisk.30,,,,,,,pending,
train,train-0211,Hey what's wrong with my computer?,ami_real,TS3006b,TS3006b.C.dialog-act.dharshi.5,,,,,,,pending,
train,train-0212,What are the available prices of the other remote controls in the prices?,ami_real,ES2005a,ES2005a.B.dialog-act.vkaraisk.6,,,,,,,pending,
train,train-0213,what are we going to do?,ami_real,TS3003a,TS3003a.A.dialog-act.vkaraisk.65,,,,,,,pending,
train,train-0214,"Yeah, is it's horizontal or vertical?",ami_real,TS3006d,TS3006d.B.dialog-act.dharshi.192,,,,,,,pending,
train,train-0215,To keep the remote?,ami_real,IS1009b,IS1009b.B.dialog-act.dharshi.29,,,,,,,pending,
train,train-0216,"Oh, what did I just do.",ami_real,ES2015c,ES2015c.A.dialog-act.dharshi.324,,,,,,,pending,
train,train-0217,"Uh, so we come back in five minutes?",ami_real,IS1001a,IS1001a.B.dialog-act.s9553330.104,,,,,,,pending,
train,train-0218,Single curved or double curved?,ami_real,TS3010d,TS3010d.A.dialog-act.dharshi.148,,,,,,,pending,
train,train-0219,Or are they there uh backlights on the slide panel too?,ami_real,TS3004d,TS3004d.C.dialog-act.dharshi.121,,,,,,,pending,
train,train-0220,"Um, would you like to continue on from that?",ami_real,ES2004b,ES2004b.B.dialog-act.s9553330.39,,,,,,,pending,
train,train-0221,What did you call it?,ami_real,ES2002d,ES2002d.C.dialog-act.dharshi.452,,,,,,,pending,
train,train-0222,But where did you get uh that information?,ami_real,TS3006b,TS3006b.B.dialog-act.dharshi.30,,,,,,,pending,
train,train-0223,and then what could happen would be um when you click on that then it would go to that setting.,ami_real,ES2002d,ES2002d.A.dialog-act.dharshi.60,,,,,,,pending,
train,train-0224,"So, anyone else have something to say?",ami_real,ES2015c,ES2015c.A.dialog-act.dharshi.304,,,,,,,pending,
train,train-0225,are we sure that scroll wheel does give ease of use?,ami_real,ES2005c,ES2005c.C.dialog-act.dharshi.181,,,,,,,pending,
train,train-0226,Um what about leadership?,ami_real,ES2002d,ES2002d.B.dialog-act.dharshi.345,,,,,,,pending,
train,train-0227,I didn't read it?,ami_real,TS3009b,TS3009b.C.dialog-act.s9553330.33,,,,,,,pending,
train,train-0228,And do that on a scale from say true being one and false being seven,ami_real,ES2014d,ES2014d.D.dialog-act.s9553330.84,,,,,,,pending,
train,train-0229,Are you disturbed by the phone calls of other people?,ami_real,IB4003,IB4003.A.dialog-act.s9553330.164,,,,,,,pending,
train,train-0230,Can someone read it out?,ami_real,ES2015d,ES2015d.D.dialog-act.dharshi.177,,,,,,,pending,
train,train-0231,But can there be uh wor can they work together?,ami_real,TS3011c,TS3011c.B.dialog-act.vkaraisk.153,,,,,,,pending,
train,train-0232,"The board working again, is it?",ami_real,ES2005d,ES2005d.C.dialog-act.dharshi.204,,,,,,,pending,
train,train-0233,And uh so what else was there?,ami_real,ES2005c,ES2005c.D.dialog-act.dharshi.287,,,,,,,pending,
train,train-0234,Is that the project document?,ami_real,ES2015d,ES2015d.C.dialog-act.dharshi.240,,,,,,,pending,
train,train-0235,How does this happen?,ami_real,IS1002b,IS1002b.D.dialog-act.s9553330.285,,,,,,,pending,
train,train-0236,Are there some buttons? Okay.,ami_real,IS1003d,IS1003d.B.dialog-act.dharshi.164,,,,,,,pending,
train,train-0237,Uh and how many uh fronts uh fronts do we put on the market then?,ami_real,TS3004c,TS3004c.D.dialog-act.vkaraisk.155,,,,,,,pending,
train,train-0238,or is it going to make our product look a cheapie-cheapie option?,ami_real,ES2004a,ES2004a.D.dialog-act.s9553330.74,,,,,,,pending,
train,train-0239,"Then the case, do you want it flat or curved or sing or double curved?",ami_real,ES2007c,ES2007c.B.dialog-act.dharshi.112,,,,,,,pending,
train,train-0240,can we uh outsource these from elsewhere,ami_real,ES2003c,ES2003c.B.dialog-act.vkaraisk.19,,,,,,,pending,
train,train-0241,Uh and what did the Marketing Expert do?,ami_real,TS3006a,TS3006a.A.dialog-act.vkaraisk.167,,,,,,,pending,
train,train-0242,Isn't that titanium with a little bit of rubber?,ami_real,TS3008c,TS3008c.B.dialog-act.dharshi.187,,,,,,,pending,
train,train-0243,"Energy, we've decided on kinetic, right?",ami_real,ES2015c,ES2015c.A.dialog-act.dharshi.198,,,,,,,pending,
train,train-0244,So you want me to look at shapes and everything you said?,ami_real,ES2005a,ES2005a.D.dialog-act.vkaraisk.38,,,,,,,pending,
train,train-0245,Do we have an idea of costs of different components?,ami_real,IS1002b,IS1002b.A.dialog-act.s9553330.57,,,,,,,pending,
train,train-0246,"I'm just wondering actually, 'cause, you know, I this whole fruit thing with the banana, it's um it seemed like it first seems a bit kind of uh niche, like only a few people would really want a banana",ami_real,IS1004c,IS1004c.B.dialog-act.dharshi.234,,,,,,,pending,
train,train-0247,"I mean, the the colour of the background of the display?",ami_real,TS3006c,TS3006c.D.dialog-act.dharshi.244,,,,,,,pending,
train,train-0248,Can you go back uh one slide?,ami_real,IS1008c,IS1008c.A.dialog-act.s9553330.27,,,,,,,pending,
train,train-0249,Well how does everybody feel?,ami_real,IS1002b,IS1002b.A.dialog-act.s9553330.200,,,,,,,pending,
train,train-0250,Do you think that people like the colour yellow?,ami_real,IS1003b,IS1003b.B.dialog-act.vkaraisk.162,,,,,,,pending,
train,train-0251,so can you go to the next slide please.,ami_real,IS1007c,IS1007c.C.dialog-act.s9553330.45,,,,,,,pending,
train,train-0252,Should we quickly look at the last slide?,ami_real,ES2014d,ES2014d.B.dialog-act.s9553330.245,,,,,,,pending,
train,train-0253,Yeah we keep the flip?,ami_real,TS3006c,TS3006c.A.dialog-act.dharshi.332,,,,,,,pending,
train,train-0254,"What about the digital pens, did you find them easy enough to use?",ami_real,ES2002d,ES2002d.B.dialog-act.dharshi.399,,,,,,,pending,
train,train-0255,"You do have it in your mobile phone though, don't you?",ami_real,ES2006b,ES2006b.B.dialog-act.s9553330.160,,,,,,,pending,
train,train-0256,"Uh Ruud, did you get that?",ami_real,TS3011b,TS3011b.A.dialog-act.vkaraisk.74,,,,,,,pending,
train,train-0257,Also in in height?,ami_real,TS3006c,TS3006c.D.dialog-act.dharshi.96,,,,,,,pending,
train,train-0258,"Uh, it costs extra?",ami_real,TS3010c,TS3010c.D.dialog-act.dharshi.105,,,,,,,pending,
train,train-0259,Is that no is that not trends?,ami_real,ES2005d,ES2005d.D.dialog-act.dharshi.157,,,,,,,pending,
train,train-0260,"And neither of them were very pretty, you know?",ami_real,ES2008b,ES2008b.A.dialog-act.vkaraisk.67,,,,,,,pending,
train,train-0261,But how do we use uh fruits and vegetables in Christ's sake with remote control?,ami_real,TS3008c,TS3008c.B.dialog-act.dharshi.86,,,,,,,pending,
train,train-0262,And what's your opinion?,ami_real,IS1003d,IS1003d.A.dialog-act.dharshi.131,,,,,,,pending,
train,train-0263,Any questions about the the trends?,ami_real,TS3003c,TS3003c.A.dialog-act.vkaraisk.45,,,,,,,pending,
train,train-0264,Do y you know the requirements for the remote control?,ami_real,IS1003b,IS1003b.C.dialog-act.vkaraisk.56,,,,,,,pending,
train,train-0265,So is that j is that just is that just a logo or does it do anything?,ami_real,ES2002d,ES2002d.B.dialog-act.dharshi.462,,,,,,,pending,
train,train-0266,Have to think about the question,ami_real,IS1003b,IS1003b.B.dialog-act.vkaraisk.115,,,,,,,pending,
train,train-0267,how much its cost for the manufacturing,ami_real,IS1008b,IS1008b.A.dialog-act.vkaraisk.99,,,,,,,pending,
train,train-0268,Was there room for creativity?,ami_real,TS3004d,TS3004d.A.dialog-act.dharshi.261,,,,,,,pending,
train,train-0269,Can you look into the company logo?,ami_real,ES2004b,ES2004b.B.dialog-act.s9553330.220,,,,,,,pending,
train,train-0270,and why's anyone gonna buy a new remote?,ami_real,ES2008b,ES2008b.D.dialog-act.vkaraisk.129,,,,,,,pending,
train,train-0271,or you just want to put the function in?,ami_real,IS1007a,IS1007a.B.dialog-act.s9553330.133,,,,,,,pending,
train,train-0272,What can you do to like make the infra-red more functional,ami_real,ES2008b,ES2008b.D.dialog-act.vkaraisk.155,,,,,,,pending,
train,train-0273,Is it the other shift button maybe?,ami_real,ES2005d,ES2005d.A.dialog-act.dharshi.58,,,,,,,pending,
train,train-0274,"but as Industrial Designer, do you think that it will be feasible to have uh linked or to have link between the remote control and the television?",ami_real,IS1003b,IS1003b.C.dialog-act.vkaraisk.77,,,,,,,pending,
train,train-0275,And the other one?,ami_real,IS1000d,IS1000d.A.dialog-act.vkaraisk.167,,,,,,,pending,
train,train-0276,Mm. Or should we do it in the next meeting?,ami_real,TS3004c,TS3004c.C.dialog-act.vkaraisk.259,,,,,,,pending,
train,train-0277,What are we doing?,ami_real,ES2005d,ES2005d.A.dialog-act.dharshi.107,,,,,,,pending,
train,train-0278,"Uh, make it a banana?",ami_real,TS3008c,TS3008c.B.dialog-act.dharshi.87,,,,,,,pending,
train,train-0279,Do you want the mouse,ami_real,IS1008b,IS1008b.C.dialog-act.vkaraisk.9,,,,,,,pending,
train,train-0280,Can I just check?,ami_real,ES2014a,ES2014a.C.dialog-act.s9553330.35,,,,,,,pending,
train,train-0281,and I press that again to get it off as well do I?,ami_real,ES2005b,ES2005b.D.dialog-act.dharshi.29,,,,,,,pending,
train,train-0282,"so I figure how many do you need, you know?",ami_real,ES2006a,ES2006a.B.dialog-act.s9553330.81,,,,,,,pending,
train,train-0283,Is that your lapel then?,ami_real,ES2004a,ES2004a.B.dialog-act.s9553330.58,,,,,,,pending,
train,train-0284,How hard is it?,ami_real,TS3006d,TS3006d.D.dialog-act.dharshi.400,,,,,,,pending,
train,train-0285,did you save your presentation?,ami_real,IS1003b,IS1003b.C.dialog-act.vkaraisk.21,,,,,,,pending,
train,train-0286,"Can you go to the next slide, please.",ami_real,IS1009c,IS1009c.C.dialog-act.dharshi.107,,,,,,,pending,
train,train-0287,or does it know which one you want to use?,ami_real,IS1000b,IS1000b.A.dialog-act.vkaraisk.150,,,,,,,pending,
train,train-0288,So we should did it here?,ami_real,TS3004c,TS3004c.C.dialog-act.vkaraisk.260,,,,,,,pending,
train,train-0289,What if we just smash all the vegetables down flat?,ami_real,ES2011d,ES2011d.C.dialog-act.dharshi.56,,,,,,,pending,
train,train-0290,"Yeah, you think the lights are innovative?",ami_real,TS3008d,TS3008d.D.dialog-act.dharshi.187,,,,,,,pending,
train,train-0291,Thinking about how to set up test groups and things?,ami_real,IS1000c,IS1000c.A.dialog-act.vkaraisk.224,,,,,,,pending,
train,train-0292,is this me designing a way to evaluate it,ami_real,IS1000c,IS1000c.A.dialog-act.vkaraisk.222,,,,,,,pending,
train,train-0293,How do you mean?,ami_real,TS3008c,TS3008c.D.dialog-act.dharshi.270,,,,,,,pending,
train,train-0294,Each face could have its own colour of buttons maybe?,ami_real,ES2015c,ES2015c.C.dialog-act.dharshi.123,,,,,,,pending,
train,train-0295,"Are there any fruits that look like broccoli, no?",ami_real,ES2011d,ES2011d.D.dialog-act.dharshi.145,,,,,,,pending,
train,train-0296,Is that two or one?,ami_real,IS1007d,IS1007d.D.dialog-act.s9553330.7,,,,,,,pending,
train,train-0297,And what do you say our Industrial Expert?,ami_real,ES2005d,ES2005d.B.dialog-act.dharshi.118,,,,,,,pending,
train,train-0298,But what if you actually had to press a button to make it recognize?,ami_real,IS1002c,IS1002c.A.dialog-act.s9553330.71,,,,,,,pending,
train,train-0299,is this a stand-alone unit that we're gonna be selling?,ami_real,IS1004a,IS1004a.B.dialog-act.dharshi.41,,,,,,,pending,
train,train-0300,Um can I just put this on?,ami_real,IS1000c,IS1000c.A.dialog-act.vkaraisk.22,,,,,,,pending,
train,train-0301,Mm shall we go in the order that you just did it?,ami_real,ES2008b,ES2008b.D.dialog-act.vkaraisk.2,,,,,,,pending,
train,train-0302,Do we want to go for buttons at all,ami_real,ES2005c,ES2005c.C.dialog-act.dharshi.203,,,,,,,pending,
train,train-0303,What are they gonna be next year.,ami_real,ES2014c,ES2014c.A.dialog-act.s9553330.168,,,,,,,pending,
train,train-0304,"Just press it once, the colour should uh switch. Press again, the colour switch again maybe?",ami_real,TS3004d,TS3004d.B.dialog-act.dharshi.111,,,,,,,pending,
train,train-0305,I dunno uh did everyone receive an email with uh the new project requirements?,ami_real,TS3005b,TS3005b.A.dialog-act.vkaraisk.47,,,,,,,pending,
train,train-0306,Maybe a kind of three?,ami_real,ES2014d,ES2014d.B.dialog-act.s9553330.106,,,,,,,pending,
train,train-0307,Do you have some more important facts,ami_real,IS1000b,IS1000b.B.dialog-act.vkaraisk.76,,,,,,,pending,
train,train-0308,What do the buttons look like?,ami_real,ES2013b,ES2013b.A.dialog-act.vkaraisk.125,,,,,,,pending,
train,train-0309,Would it be possible to have the rechargeable idea?,ami_real,ES2005b,ES2005b.C.dialog-act.dharshi.126,,,,,,,pending,
train,train-0310,You mean uh these to the low?,ami_real,TS3004c,TS3004c.B.dialog-act.vkaraisk.126,,,,,,,pending,
train,train-0311,Where do you buy 'em from?,ami_real,ES2007c,ES2007c.D.dialog-act.dharshi.5,,,,,,,pending,
train,train-0312,Uh the buttons? Uh from which material are they now?,ami_real,TS3004d,TS3004d.D.dialog-act.dharshi.64,,,,,,,pending,
train,train-0313,um and we wanted special colours didn't we?,ami_real,ES2002d,ES2002d.B.dialog-act.dharshi.101,,,,,,,pending,
train,train-0314,or do all remotes require batteries?,ami_real,ES2008a,ES2008a.D.dialog-act.vkaraisk.46,,,,,,,pending,
train,train-0315,but how would you like to implement that,ami_real,TS3005b,TS3005b.B.dialog-act.vkaraisk.242,,,,,,,pending,
train,train-0316,Do you get an idea of the shape?,ami_real,TS3008b,TS3008b.B.dialog-act.dharshi.187,,,,,,,pending,
train,train-0317,Um does somebody have any comments on these requirements? Maybe?,ami_real,TS3003c,TS3003c.A.dialog-act.vkaraisk.30,,,,,,,pending,
train,train-0318,We have to ask whether we're going to include a certain number of face plates with the package?,ami_real,ES2009b,ES2009b.B.dialog-act.vkaraisk.91,,,,,,,pending,
train,train-0319,Is that going on? Okay.,ami_real,ES2008c,ES2008c.C.dialog-act.vkaraisk.106,,,,,,,pending,
train,train-0320,Could we have look at the p the the prod the p the cost?,ami_real,IS1003d,IS1003d.C.dialog-act.dharshi.234,,,,,,,pending,
train,train-0321,Yeah. And which what is that?,ami_real,IS1006d,IS1006d.A.dialog-act.s9553330.110,,,,,,,pending,
train,train-0322,"can we think about maybe having a a non-recta non non-rectangular one, so with not just the straight little box",ami_real,IS1000c,IS1000c.A.dialog-act.vkaraisk.208,,,,,,,pending,
train,train-0323,And you are number three?,ami_real,IS1009b,IS1009b.A.dialog-act.dharshi.38,,,,,,,pending,
train,train-0324,"and uh, how popular was it?",ami_real,ES2006b,ES2006b.A.dialog-act.s9553330.158,,,,,,,pending,
train,train-0325,Your name is name?,ami_real,IS1002c,IS1002c.A.dialog-act.s9553330.25,,,,,,,pending,
train,train-0326,And shall I go first?,ami_real,TS3006c,TS3006c.C.dialog-act.dharshi.23,,,,,,,pending,
train,train-0327,Do we just have one special uh special forms down here?,ami_real,ES2014d,ES2014d.B.dialog-act.s9553330.129,,,,,,,pending,
train,train-0328,"Yeah, that does make sense, yeah?",ami_real,IS1006d,IS1006d.D.dialog-act.s9553330.125,,,,,,,pending,
train,train-0329,Wha what is this strange beast?,ami_real,IS1001a,IS1001a.B.dialog-act.s9553330.42,,,,,,,pending,
train,train-0330,What kind of energy do we foresee?,ami_real,IS1009c,IS1009c.A.dialog-act.dharshi.137,,,,,,,pending,
train,train-0331,"and if I'm coming in with a with with twenty-five Euros, which is mid-market price, um then what am I going to give these people for this?",ami_real,IS1002b,IS1002b.D.dialog-act.s9553330.79,,,,,,,pending,
train,train-0332,three twenty one is the next meeting?,ami_real,IS1002c,IS1002c.D.dialog-act.s9553330.214,,,,,,,pending,
train,train-0333,Where did this come from?,ami_real,ES2004a,ES2004a.A.dialog-act.s9553330.15,,,,,,,pending,
train,train-0334,What uh what did you wanna say?,ami_real,TS3012b,TS3012b.C.dialog-act.vkaraisk.224,,,,,,,pending,
train,train-0335,Can you handle that black and yellow?,ami_real,IS1002b,IS1002b.A.dialog-act.s9553330.48,,,,,,,pending,
train,train-0336,why didn't we have a meeting together?,ami_real,IB4003,IB4003.C.dialog-act.s9553330.13,,,,,,,pending,
train,train-0337,Anybody have anything to offer?,ami_real,ES2010a,ES2010a.A.dialog-act.dharshi.83,,,,,,,pending,
train,train-0338,"What do you say, Mael?",ami_real,IS1000d,IS1000d.D.dialog-act.vkaraisk.282,,,,,,,pending,
train,train-0339,Is this just a television remote?,ami_real,ES2014a,ES2014a.C.dialog-act.s9553330.36,,,,,,,pending,
train,train-0340,"Um, what are our choices here?",ami_real,ES2015c,ES2015c.A.dialog-act.dharshi.249,,,,,,,pending,
train,train-0341,. So we'll we have only one?,ami_real,IS1003d,IS1003d.A.dialog-act.dharshi.226,,,,,,,pending,
train,train-0342,Do you not think that defeats the object of having voice recognition on a remote control though?,ami_real,ES2006b,ES2006b.B.dialog-act.s9553330.182,,,,,,,pending,
train,train-0343,The ten numbers? Yeah?,ami_real,TS3009b,TS3009b.B.dialog-act.s9553330.175,,,,,,,pending,
train,train-0344,Uh then would it be uh one o'clock.,ami_real,TS3007b,TS3007b.A.dialog-act.vkaraisk.169,,,,,,,pending,
train,train-0345,"So, I would did not give this uh a one or two.",ami_real,TS3010d,TS3010d.D.dialog-act.dharshi.137,,,,,,,pending,
train,train-0346,Well we could make a compromise between that.,ami_real,TS3006c,TS3006c.A.dialog-act.dharshi.130,,,,,,,pending,
train,train-0347,"No no no, not at all.",ami_real,TS3012d,TS3012d.C.dialog-act.vkaraisk.3,,,,,,,pending,
train,train-0348,so that you can just sort of ho hold it.,ami_real,ES2012c,ES2012c.A.dialog-act.vkaraisk.280,,,,,,,pending,
train,train-0349,"Yeah, and a and a triangle on that.",ami_real,TS3008d,TS3008d.D.dialog-act.dharshi.8,,,,,,,pending,
train,train-0350,but they were all useless.,ami_real,TS3012d,TS3012d.A.dialog-act.vkaraisk.510,,,,,,,pending,
train,train-0351,So that's the point.,ami_real,IS1003b,IS1003b.A.dialog-act.vkaraisk.28,,,,,,,pending,
train,train-0352,and uh the user interface controls the chip and accordingly the the messages,ami_real,IS1000b,IS1000b.D.dialog-act.vkaraisk.73,,,,,,,pending,
train,train-0353,"Something which is not squarey maybe uh, not a box.",ami_real,IS1001a,IS1001a.C.dialog-act.s9553330.26,,,,,,,pending,
train,train-0354,And the third most important aspect is that the remote control should be easy to use.,ami_real,ES2015c,ES2015c.D.dialog-act.dharshi.91,,,,,,,pending,
train,train-0355,Those for which the remote control is uh is to be uh something useful,ami_real,IS1006c,IS1006c.D.dialog-act.vkaraisk.85,,,,,,,pending,
train,train-0356,"again, most uh users really dislike the current look and feel of remote controls.",ami_real,ES2013b,ES2013b.D.dialog-act.vkaraisk.24,,,,,,,pending,
train,train-0357,because you don't know which channel is this button,ami_real,TS3012b,TS3012b.B.dialog-act.vkaraisk.44,,,,,,,pending,
train,train-0358,"The only thing you find is in a manufacturing process, you would normally, you go to a meeting, you decide, right, you do this, you do that, you do that.",ami_real,ES2014d,ES2014d.A.dialog-act.s9553330.339,,,,,,,pending,
train,train-0359,you just get off that.,ami_real,IS1002b,IS1002b.B.dialog-act.s9553330.103,,,,,,,pending,
train,train-0360,so that would keep the price down.,ami_real,ES2014c,ES2014c.B.dialog-act.s9553330.88,,,,,,,pending,
train,train-0361,So I guess we j we just need that.,ami_real,TS3004c,TS3004c.C.dialog-act.vkaraisk.182,,,,,,,pending,
train,train-0362,sorry I couldn't get that g to use before.,ami_real,ES2009b,ES2009b.A.dialog-act.vkaraisk.70,,,,,,,pending,
train,train-0363,It's really not easy to use.,ami_real,TS3006d,TS3006d.C.dialog-act.dharshi.191,,,,,,,pending,
train,train-0364,"Uh, first I'll uh I'll uh discuss the buttons we just chose",ami_real,TS3010c,TS3010c.B.dialog-act.dharshi.10,,,,,,,pending,
train,train-0365,"But I think it's important, you know, to have two scroll wheels because, you know, you want one for for the channel, but you also want one for for the volume",ami_real,IS1004c,IS1004c.B.dialog-act.dharshi.120,,,,,,,pending,
train,train-0366,"If you have the language, you have to develop for each country.",ami_real,IS1003c,IS1003c.B.dialog-act.vkaraisk.41,,,,,,,pending,
train,train-0367,So that was a little unclear I suppose.,ami_real,TS3012d,TS3012d.A.dialog-act.vkaraisk.466,,,,,,,pending,
train,train-0368,"as to where we're going from here, you're going to look at the components concept.",ami_real,ES2006b,ES2006b.C.dialog-act.s9553330.276,,,,,,,pending,
train,train-0369,"When you you see it from the side, then it would look just like that.",ami_real,TS3008b,TS3008b.A.dialog-act.dharshi.414,,,,,,,pending,
train,train-0370,"So you wanna click on it, activate it, whe and when you move it, hear the difference of the treble coming out or going into the sound.",ami_real,TS3006d,TS3006d.C.dialog-act.dharshi.32,,,,,,,pending,
train,train-0371,Or was is this nothing to do with the project requirements,ami_real,ES2004b,ES2004b.D.dialog-act.s9553330.247,,,,,,,pending,
train,train-0372,y y have to be able to find it.,ami_real,IS1008b,IS1008b.B.dialog-act.vkaraisk.14,,,,,,,pending,
train,train-0373,I think we could probably do it here as long as we don't collaborate.,ami_real,ES2002d,ES2002d.A.dialog-act.dharshi.296,,,,,,,pending,
train,train-0374,I have no drawing skills whatsoever.,ami_real,ES2008a,ES2008a.B.dialog-act.vkaraisk.8,,,,,,,pending,
train,train-0375,"But maybe in future it will be a giant hit, and when you are the first",ami_real,TS3008c,TS3008c.C.dialog-act.dharshi.128,,,,,,,pending,
train,train-0376,more than three actions that you may want to do at a given time.,ami_real,IS1006a,IS1006a.D.dialog-act.dharshi.109,,,,,,,pending,
train,train-0377,"Well, you know, it's it's handy, it's ergonomic, but it's a banana.",ami_real,IS1004d,IS1004d.B.dialog-act.dharshi.135,,,,,,,pending,
train,train-0378,then they can go to the store and for a few uh Francs or Euros whatever they can buy,ami_real,IS1009b,IS1009b.A.dialog-act.dharshi.175,,,,,,,pending,
train,train-0379,"Um, I drew a badger.",ami_real,ES2010a,ES2010a.C.dialog-act.dharshi.14,,,,,,,pending,
train,train-0380,that's that's your all-purpose select button right there.,ami_real,ES2008c,ES2008c.B.dialog-act.vkaraisk.204,,,,,,,pending,
train,train-0381,And uh we have to make uh some maps with uh with the all the the data we uh gathered.,ami_real,TS3006b,TS3006b.B.dialog-act.dharshi.215,,,,,,,pending,
train,train-0382,The smart board is okay.,ami_real,TS3004d,TS3004d.A.dialog-act.dharshi.284,,,,,,,pending,
train,train-0383,"It's flat, and curved.",ami_real,IS1006d,IS1006d.D.dialog-act.s9553330.256,,,,,,,pending,
train,train-0384,I think it is on uh on the bottom too.,ami_real,TS3004c,TS3004c.C.dialog-act.vkaraisk.47,,,,,,,pending,
train,train-0385,"Yeah, it's our yeah. We we have to use yellow.",ami_real,TS3008c,TS3008c.B.dialog-act.dharshi.166,,,,,,,pending,
train,train-0386,Yeah. The interface specification,ami_real,ES2005c,ES2005c.D.dialog-act.dharshi.53,,,,,,,pending,
train,train-0387,The wood-like for the more uh exclusive people. People with more money.,ami_real,TS3003c,TS3003c.D.dialog-act.vkaraisk.42,,,,,,,pending,
train,train-0388,but yeah you have to make a decision.,ami_real,TS3009c,TS3009c.C.dialog-act.s9553330.224,,,,,,,pending,
train,train-0389,yeah go for that first.,ami_real,ES2002d,ES2002d.B.dialog-act.dharshi.224,,,,,,,pending,
train,train-0390,"I'd say two or three for that one, personally.",ami_real,IS1000d,IS1000d.A.dialog-act.vkaraisk.181,,,,,,,pending,
train,train-0391,"and no other non-researcher positions, if I'm not mistaken.",ami_real,IB4003,IB4003.D.dialog-act.s9553330.179,,,,,,,pending,
train,train-0392,"It's um switching between channels, sort of randomly going through.",ami_real,ES2006b,ES2006b.C.dialog-act.s9553330.123,,,,,,,pending,
train,train-0393,I think it i increases.,ami_real,IS1007d,IS1007d.A.dialog-act.s9553330.102,,,,,,,pending,
train,train-0394,that's pretty uh pretty normal,ami_real,TS3007b,TS3007b.D.dialog-act.vkaraisk.40,,,,,,,pending,
train,train-0395,There we go and there are the marks.,ami_real,ES2006d,ES2006d.B.dialog-act.s9553330.186,,,,,,,pending,
train,train-0396,"Pricing is a factor for us, that's why we'll go for the regular chip.",ami_real,IS1004c,IS1004c.C.dialog-act.dharshi.103,,,,,,,pending,
train,train-0397,Yeah. Oh yeah. Yeah I know.,ami_real,ES2009d,ES2009d.A.dialog-act.vkaraisk.381,,,,,,,pending,
train,train-0398,"Okay, so if it selled uh by its own i it it would rather be for multiple device.",ami_real,IS1001a,IS1001a.A.dialog-act.s9553330.76,,,,,,,pending,
train,train-0399,Yeah. I think we do.,ami_real,TS3006c,TS3006c.C.dialog-act.dharshi.385,,,,,,,pending,
train,train-0400,and they don't look very exciting at all.,ami_real,ES2005b,ES2005b.D.dialog-act.dharshi.64,,,,,,,pending,
train,train-0401,er er would you like to um watch movie watch love romance movie with me,nict_jle_real,file01195,file01195:78:1,,,,,,,pending,
train,train-0402,I would love to go to so please invite me,nict_jle_real,file01238,file01238:68:2,,,,,,,pending,
train,train-0403,"but, next time, I'd love to attend, so, please forgive me this time",nict_jle_real,file00285,file00285:44:4,,,,,,,pending,
train,train-0404,"So if you are having another party any other time, then I would love to go So please invite me",nict_jle_real,file01238,file01238:67:5,,,,,,,pending,
train,train-0405,do you have any wonderful beach in the in the Pacific Ocean near the Pacific Ocean,nict_jle_real,file00296,file00296:26:2,,,,,,,pending,
train,train-0406,"I love to, but er I just wonder whether I can reach your home in the er in this condition",nict_jle_real,file00273,file00273:42:2,,,,,,,pending,
train,train-0407,"And do you have another idea that urr if you have some place that you umm you love very much, and you have at you've ever been there",nict_jle_real,file00510,file00510:33:4,,,,,,,pending,
train,train-0408,That was wonderful day,nict_jle_real,file01215,file01215:105:17,,,,,,,pending,
train,train-0409,I just hate it,nict_jle_real,file00962,file00962:91:2,,,,,,,pending,
train,train-0410,"But, actually I I like I love a car",nict_jle_real,file00208,file00208:47:8,,,,,,,pending,
train,train-0411,"I was so impressed, it's amazing",nict_jle_real,file00352,file00352:23:5,,,,,,,pending,
train,train-0412,"And I mm selected the it's a good, wonderful tie And I bought it",nict_jle_real,file00373,file00373:64:7,,,,,,,pending,
train,train-0413,ca the car and the motorbike the car hitted hit the motorbike So the motorbike driver was very angry,nict_jle_real,file00125,file00125:55:5,,,,,,,pending,
train,train-0414,So urrr I I was very angry because it's obvious that he urr doesn't pay didn't pay attention to the to me,nict_jle_real,file00244,file00244:49:6,,,,,,,pending,
train,train-0415,So and we can see very good good view great view from,nict_jle_real,file00076,file00076:130:1,,,,,,,pending,
train,train-0416,"But uh cat is I'm really afraid, not hate, but afraid",nict_jle_real,file00904,file00904:75:2,,,,,,,pending,
train,train-0417,Um I would definitely use a train,nict_jle_real,file01237,file01237:98:1,,,,,,,pending,
train,train-0418,"But er uh I love golf and and another, traveling",nict_jle_real,file00313,file00313:25:1,,,,,,,pending,
train,train-0419,er too many people are walking or terrible place,nict_jle_real,file00205,file00205:59:1,,,,,,,pending,
train,train-0420,"I I like history stories, and yeah, costumes are great, and yeah",nict_jle_real,file00131,file00131:28:1,,,,,,,pending,
train,train-0421,Oh that's that's great,nict_jle_real,file00826,file00826:46:1,,,,,,,pending,
train,train-0422,That's a great idea,nict_jle_real,file00273,file00273:41:2,,,,,,,pending,
train,train-0423,"But eh New York, especially Manhattan Island is very eeh er fantastic city, because er very historical area, very modern area and they are mixed",nict_jle_real,file01144,file01144:87:1,,,,,,,pending,
train,train-0424,"Recently, I never been to shopping Because I love skiing",nict_jle_real,file00269,file00269:17:2,,,,,,,pending,
train,train-0425,we saw the movie mmm showing terrible scene many times,nict_jle_real,file00972,file00972:82:6,,,,,,,pending,
train,train-0426,And that was animation mo animation movie but that was amazing,nict_jle_real,file01153,file01153:56:2,,,,,,,pending,
train,train-0427,then Ken hit the back of the motor cycle and the man who was on the motor cycle was very angry about that And they both argued,nict_jle_real,file00018,file00018:32:4,,,,,,,pending,
train,train-0428,I love Ca Canada very much,nict_jle_real,file00893,file00893:63:2,,,,,,,pending,
train,train-0429,"to the train line, and so he couldn't couldn't get ah get get that his backpack back, and he was angry to to that ma that guy, but um um but he ah that guy seems seemed like didn't didn't care",nict_jle_real,file00135,file00135:58:5,,,,,,,pending,
train,train-0430,soft soft urr I want you love me softly,nict_jle_real,file00138,file00138:57:18,,,,,,,pending,
train,train-0431,"Um so uum of course, er I love him and I I was crying heavily",nict_jle_real,file00471,file00471:60:5,,,,,,,pending,
train,train-0432,I I love skiing and snowboarding,nict_jle_real,file00191,file00191:13:2,,,,,,,pending,
train,train-0433,"So, was great that I could experience working in the States",nict_jle_real,file00469,file00469:13:9,,,,,,,pending,
train,train-0434,So I wanted to go so I went there and I had a very good time But my golf score was terrible,nict_jle_real,file01021,file01021:146:3,,,,,,,pending,
train,train-0435,Err I love yu you and your friends and me my friends,nict_jle_real,file01116,file01116:30:3,,,,,,,pending,
train,train-0436,"Yeah, I will absolutely be there",nict_jle_real,file00252,file00252:27:1,,,,,,,pending,
train,train-0437,Feel like feel like feel like fallingly falling in love,nict_jle_real,file00661,file00661:26:2,,,,,,,pending,
train,train-0438,I love my job,nict_jle_real,file00440,file00440:21:1,,,,,,,pending,
train,train-0439,Err i i it makes me surprise and uum I uh I had great fun,nict_jle_real,file00724,file00724:83:2,,,,,,,pending,
train,train-0440,"But, when I explain this picture oh I thought it's easy for you to understand love story and action uh action movie",nict_jle_real,file00216,file00216:88:5,,,,,,,pending,
train,train-0441,"So, for example, err near the my hometown, there is the fishing pond, and er there is a err wonderful view of of small island islands",nict_jle_real,file00848,file00848:11:1,,,,,,,pending,
train,train-0442,The only thing I hate is the cold and the flu,nict_jle_real,file01245,file01245:9:1,,,,,,,pending,
train,train-0443,I hate sports because um I I got a er the lowest grade when I was ee junior high school student for physical training class,nict_jle_real,file01065,file01065:13:4,,,,,,,pending,
train,train-0444,Mm But but I love it,nict_jle_real,file00032,file00032:79:1,,,,,,,pending,
train,train-0445,"And this person who was, er driving the motorcycle, he was quite angry because he was really having a really nice conversation with his girlfriend",nict_jle_real,file00287,file00287:69:9,,,,,,,pending,
train,train-0446,"he got mm he gets an angry, because the phone is",nict_jle_real,file00360,file00360:56:11,,,,,,,pending,
train,train-0447,Er I like love romance movie,nict_jle_real,file01195,file01195:74:3,,,,,,,pending,
train,train-0448,"Particularly, er I hate er cat's eye",nict_jle_real,file00576,file00576:118:2,,,,,,,pending,
train,train-0449,"Um also, this is the love stories",nict_jle_real,file00122,file00122:70:7,,,,,,,pending,
train,train-0450,"Yeah But last week, it was horrible",nict_jle_real,file00984,file00984:8:1,,,,,,,pending,
train,train-0451,Ur I like er to take pictures And I love to listen to music And er erm I like traveling And the I like watching movies,nict_jle_real,file00349,file00349:19:1,,,,,,,pending,
train,train-0452,"At that time, I I I mmm I er ma angry about this person who are in the supply chain",nict_jle_real,file00989,file00989:95:9,,,,,,,pending,
train,train-0453,"But recently, I like to watch the movies which is about love story",nict_jle_real,file00641,file00641:26:5,,,,,,,pending,
train,train-0454,"Mm that's wonderful, yeah",nict_jle_real,file00827,file00827:125:1,,,,,,,pending,
train,train-0455,"So urm for example, if I punched my friends, when when my father look looked the situation, ur he will got angry",nict_jle_real,file00674,file00674:15:2,,,,,,,pending,
train,train-0456,"I love go to urr sports club and doing aerobics and swimming,",nict_jle_real,file00297,file00297:16:3,,,,,,,pending,
train,train-0457,And I like and also I love listening music,nict_jle_real,file00980,file00980:21:4,,,,,,,pending,
train,train-0458,The movie is um terrible,nict_jle_real,file00699,file00699:81:4,,,,,,,pending,
train,train-0459,Uhm I don't like matsuri because I don't know why people so very excited about matsuri,nict_jle_real,file01156,file01156:56:2,,,,,,,pending,
train,train-0460,"One day last week, urm I looked into the refrigerator, and there were no absolutely no foods for to eat",nict_jle_real,file00286,file00286:64:3,,,,,,,pending,
train,train-0461,"Maybe she is angry,",nict_jle_real,file00204,file00204:85:2,,,,,,,pending,
train,train-0462,It's very urr fantastic and interesting,nict_jle_real,file00315,file00315:56:2,,,,,,,pending,
train,train-0463,I love the pet very much,nict_jle_real,file01019,file01019:66:3,,,,,,,pending,
train,train-0464,Urr I love er er I like love love movie,nict_jle_real,file00101,file00101:63:1,,,,,,,pending,
train,train-0465,Oh I like it I love it,nict_jle_real,file01037,file01037:48:2,,,,,,,pending,
train,train-0466,"Sometimes my friend told me this is great book, you have to read it So I read it , yeah",nict_jle_real,file00319,file00319:16:3,,,,,,,pending,
train,train-0467,Uhm urr love her I love her her face very much,nict_jle_real,file01037,file01037:66:28,,,,,,,pending,
train,train-0468,"uhm I'm looking forward to seeing er er ""Wednesday Love Affair""",nict_jle_real,file00937,file00937:8:6,,,,,,,pending,
train,train-0469,I think so I definitely,nict_jle_real,file01020,file01020:157:2,,,,,,,pending,
train,train-0470,Erm but the theater is erm great,nict_jle_real,file00884,file00884:13:2,,,,,,,pending,
train,train-0471,I I am I'm te terrible with dog,nict_jle_real,file00914,file00914:29:1,,,,,,,pending,
train,train-0472,"I was really get got angry, but er er the people in front of me were mm not knowing the reality",nict_jle_real,file00127,file00127:39:4,,,,,,,pending,
train,train-0473,"And uum one one boy one boy um ser serve a wine and um a man is maybe said that's great so um we we we take this wine, I think",nict_jle_real,file00778,file00778:21:13,,,,,,,pending,
train,train-0474,I like adventure and love story and documentary movie,nict_jle_real,file00536,file00536:49:1,,,,,,,pending,
train,train-0475,And be I think that creation is very mmm wonderful thing to see,nict_jle_real,file00980,file00980:30:1,,,,,,,pending,
train,train-0476,"And I'm really sorry but if there's another chance to go, then I would definitely want to go, too",nict_jle_real,file01256,file01256:60:2,,,,,,,pending,
train,train-0477,Um since I love watching movies and I often watch movies at home,nict_jle_real,file01280,file01280:26:1,,,,,,,pending,
train,train-0478,"ur nine eleven, so we didn't go But I love New York",nict_jle_real,file01028,file01028:91:1,,,,,,,pending,
train,train-0479,"And she was very angry, but it's late so you know ,",nict_jle_real,file00878,file00878:52:3,,,,,,,pending,
train,train-0480,"Uhm Before that, I really hate hated",nict_jle_real,file00298,file00298:57:1,,,,,,,pending,
train,train-0481,"descri describe that wine, how wonderful that wine is",nict_jle_real,file00016,file00016:30:8,,,,,,,pending,
train,train-0482,Er my the family was really kind to me and that was great experience for me,nict_jle_real,file00893,file00893:64:4,,,,,,,pending,
train,train-0483,"There er therefore, I love to use car when I business er when I trip",nict_jle_real,file00871,file00871:55:5,,,,,,,pending,
train,train-0484,"I love Papa, not you",nict_jle_real,file00357,file00357:7:5,,,,,,,pending,
train,train-0485,Urr I love dog But I can't take it home,nict_jle_real,file01032,file01032:98:1,,,,,,,pending,
train,train-0486,"And men and women, they fall in love, but finally, they have some problem",nict_jle_real,file00122,file00122:70:8,,,,,,,pending,
train,train-0487,I love to go see a movie in a theater but I don't have time to go,nict_jle_real,file01280,file01280:26:2,,,,,,,pending,
train,train-0488,And eh urr the business man get an got angry and mhmm because the because the bag dropped into to the er train rail because of the other man's elbow,nict_jle_real,file00044,file00044:74:1,,,,,,,pending,
train,train-0489,"Hmm ur ur four four months ago, I went to the the United State and I have a great time with my host family",nict_jle_real,file00207,file00207:45:1,,,,,,,pending,
train,train-0490,"Wow sushi, I love it",nict_jle_real,file01215,file01215:84:1,,,,,,,pending,
train,train-0491,Oh so uh I don't care about love story or action mo ah movie or like that,nict_jle_real,file00216,file00216:88:1,,,,,,,pending,
train,train-0492,"So, sorry, I definitely join the next party",nict_jle_real,file00611,file00611:32:6,,,,,,,pending,
train,train-0493,"But ah I spend many many weekends so gradually, we I hate to , how can I say, to spare spare weekends",nict_jle_real,file00126,file00126:20:5,,,,,,,pending,
train,train-0494,I will I will definitely um go to your home as soon as I came er I go back Tokyo,nict_jle_real,file00810,file00810:86:2,,,,,,,pending,
train,train-0495,"In England, just like food is like I wouldn't say delicious, but in Germany but there are like many food, um not horrible",nict_jle_real,file01228,file01228:36:1,,,,,,,pending,
train,train-0496,"already take trains ev everyday in weekdays So, I hate",nict_jle_real,file00356,file00356:41:2,,,,,,,pending,
train,train-0497,We love we love my our car,nict_jle_real,file00285,file00285:73:3,,,,,,,pending,
train,train-0498,but their urr tail is err bu bu I think urr two dog is a not angry,nict_jle_real,file00079,file00079:12:22,,,,,,,pending,
train,train-0499,I love Internet too,nict_jle_real,file00982,file00982:61:2,,,,,,,pending,
train,train-0500,And we can see very very wonderful Rainbow Bridge,nict_jle_real,file00505,file00505:61:2,,,,,,,pending,
train,train-0501,"Cause the reason why I asked you to change this ticket is that I have very important meeting err to the err mm to this place, I have to mm definitely er attend",nict_jle_real,file00378,file00378:47:2,,,,,,,pending,
train,train-0502,"hmm his mind is very wonderful, I",nict_jle_real,file00632,file00632:26:3,,,,,,,pending,
train,train-0503,"Also, I I I like to spent or ah no no no no, I I I love shopping",nict_jle_real,file00837,file00837:31:1,,,,,,,pending,
train,train-0504,Uhmm I love I love that,nict_jle_real,file00240,file00240:9:1,,,,,,,pending,
train,train-0505,And they er he mm he has a computer and and er so great stereo set,nict_jle_real,file00043,file00043:24:3,,,,,,,pending,
train,train-0506,the movie's contents is er very er amazing,nict_jle_real,file00463,file00463:71:4,,,,,,,pending,
train,train-0507,er I really love my sister,nict_jle_real,file00054,file00054:16:3,,,,,,,pending,
train,train-0508,had such terrible cold,nict_jle_real,file00295,file00295:40:4,,,,,,,pending,
train,train-0509,"And in New Zealand, there are different kinds of wines So I love to go",nict_jle_real,file01270,file01270:58:2,,,,,,,pending,
train,train-0510,"Actually, I hate the the crowded train, so if I can get up early, earlier than , uum I can take more earlier train But I , so, yeah, very difficult",nict_jle_real,file00820,file00820:12:3,,,,,,,pending,
train,train-0511,"And also in a game, we all excited to to win the game",nict_jle_real,file00968,file00968:64:3,,,,,,,pending,
train,train-0512,So I can find many cool second-hand stuff there So I love Shimokitazawa,nict_jle_real,file01208,file01208:15:1,,,,,,,pending,
train,train-0513,"I'd love to go there but er I'm very sorry, I can't go",nict_jle_real,file00984,file00984:76:1,,,,,,,pending,
train,train-0514,"Yes, I love it",nict_jle_real,file00019,file00019:36:1,,,,,,,pending,
train,train-0515,We have a uh great location we live in great location to see and to take a picture,nict_jle_real,file00904,file00904:23:6,,,,,,,pending,
train,train-0516,"But err but they have um they have very grea great life, I tho I thought",nict_jle_real,file00818,file00818:62:4,,,,,,,pending,
train,train-0517,there is a wonderful stereo er audio,nict_jle_real,file00769,file00769:26:9,,,,,,,pending,
train,train-0518,to get credit last urr last time er to get credit for for me So urr I I'd love to go,nict_jle_real,file00394,file00394:77:1,,,,,,,pending,
train,train-0519,Uh we had a good great meal in the restaurant,nict_jle_real,file01015,file01015:107:5,,,,,,,pending,
train,train-0520,This is uhh wonderful restaurant And many couples enjoying their dinner,nict_jle_real,file00905,file00905:20:4,,,,,,,pending,
train,train-0521,"It's not great like Japan, or eh it's a small city",nict_jle_real,file00319,file00319:73:4,,,,,,,pending,
train,train-0522,we were so excited,nict_jle_real,file00271,file00271:72:4,,,,,,,pending,
train,train-0523,"So ah we had a uh a terrible accident, but after that, we enjoyed uh the drive together",nict_jle_real,file00034,file00034:54:21,,,,,,,pending,
train,train-0524,And mm the basically I think it's basically er love story,nict_jle_real,file00336,file00336:69:2,,,,,,,pending,
train,train-0525,I angry really angry,nict_jle_real,file00989,file00989:92:1,,,,,,,pending,
train,train-0526,Because urr I'm suffering from terrible hay fever,nict_jle_real,file01039,file01039:4:2,,,,,,,pending,
train,train-0527,"Yeah, I love it",nict_jle_real,file01077,file01077:19:1,,,,,,,pending,
train,train-0528,"So I think that, both of because of both reasons that I love to read her books",nict_jle_real,file00980,file00980:25:1,,,,,,,pending,
train,train-0529,That's a little bit awful,nict_jle_real,file00301,file00301:76:1,,,,,,,pending,
train,train-0530,uh not he was not so angry he he nante iuno kana chuuisuru he was not so angry,nict_jle_real,file00923,file00923:11:4,,,,,,,pending,
train,train-0531,"I think they are not angry but, mm yeah,",nict_jle_real,file00540,file00540:84:2,,,,,,,pending,
train,train-0532,"Mmm one sight, I love",nict_jle_real,file01135,file01135:49:1,,,,,,,pending,
train,train-0533,Err About about love,nict_jle_real,file00797,file00797:42:1,,,,,,,pending,
train,train-0534,simple story and simple love story,nict_jle_real,file00591,file00591:64:2,,,,,,,pending,
train,train-0535,And and this that makes um my parents angry,nict_jle_real,file00515,file00515:14:4,,,,,,,pending,
train,train-0536,"Uum I usually watch the love story and but I'm I'm not so interested in the um very popular one like ""A I"" or ""Pearl Harbor"" stuff",nict_jle_real,file00553,file00553:15:4,,,,,,,pending,
train,train-0537,"So and the ur aerobics, too I love aerobics, too",nict_jle_real,file00660,file00660:21:2,,,,,,,pending,
train,train-0538,And actually the flower is er always that there are a lot of flowers in Bali Island So the smell is really nice So I love to be in Bali,nict_jle_real,file00980,file00980:13:1,,,,,,,pending,
train,train-0539,He got angry at me that his bike broke and his ce and his phone got broken,nict_jle_real,file01231,file01231:69:6,,,,,,,pending,
train,train-0540,I went to Great Barrier Reef,nict_jle_real,file00572,file00572:82:2,,,,,,,pending,
train,train-0541,Urm I got so angry and start yelling at the man,nict_jle_real,file01238,file01238:102:2,,,,,,,pending,
train,train-0542,I hate my dog But I can't come to your party,nict_jle_real,file00364,file00364:21:5,,,,,,,pending,
train,train-0543,He is very cool and his act his act is wonderful,nict_jle_real,file00536,file00536:59:2,,,,,,,pending,
train,train-0544,"And we have not expecting for the raining, but ur the raining is ur more and more worse uh more and more terrible",nict_jle_real,file00694,file00694:74:11,,,,,,,pending,
train,train-0545,So I can really relax in Bali Island And actually the weather is wonderful,nict_jle_real,file00980,file00980:10:7,,,,,,,pending,
train,train-0546,We love Italian restaurant And er it is located near here And em it's rather noisy,nict_jle_real,file00323,file00323:36:5,,,,,,,pending,
train,train-0547,"And sometimes er some other elements mixed with it But I think mainly, it's love story",nict_jle_real,file00336,file00336:69:3,,,,,,,pending,
train,train-0548,I I I got I get very angry,nict_jle_real,file00723,file00723:55:1,,,,,,,pending,
train,train-0549,"As you know in Europe and in eh South East East Asian country, em their em train schedule is terrible",nict_jle_real,file00323,file00323:51:3,,,,,,,pending,
train,train-0550,"urm so ee when I watch the movie, ee I am excited",nict_jle_real,file00446,file00446:75:1,,,,,,,pending,
train,train-0551,I think he is a great director movie director,nict_jle_real,file00658,file00658:19:4,,,,,,,pending,
train,train-0552,they are very excited and that that attitude was very different from Japanese people,nict_jle_real,file00379,file00379:21:2,,,,,,,pending,
train,train-0553,Actually this is wonderful time,nict_jle_real,file00706,file00706:24:4,,,,,,,pending,
train,train-0554,"Erm I like Japanese food, fish or vegetables, but I love meat",nict_jle_real,file00883,file00883:54:2,,,,,,,pending,
train,train-0555,"sometimes, ur we we're ur a angry or mm quarrel",nict_jle_real,file00622,file00622:31:3,,,,,,,pending,
train,train-0556,But um many people are mm excited make exci make my hart excited,nict_jle_real,file00187,file00187:55:4,,,,,,,pending,
train,train-0557,other young peoples young people loves love do,nict_jle_real,file00908,file00908:19:16,,,,,,,pending,
train,train-0558,"But if you do correctly, it's very uhm fantastic and exciting sport",nict_jle_real,file01035,file01035:34:2,,,,,,,pending,
train,train-0559,"So if err I commute there, so it takes about two hours So it's very terrible",nict_jle_real,file00237,file00237:10:3,,,,,,,pending,
train,train-0560,"Urr Very very busy maybe, may not maybe, definitely",nict_jle_real,file00673,file00673:83:2,,,,,,,pending,
train,train-0561,"With friends, er I I love er I like er prefers er camping trip",nict_jle_real,file00706,file00706:54:1,,,,,,,pending,
train,train-0562,Umm But the traffic jam is very terrible,nict_jle_real,file01019,file01019:16:1,,,,,,,pending,
train,train-0563,"So Canada's nature is very beautiful, and people is very kind So I love",nict_jle_real,file00363,file00363:35:1,,,,,,,pending,
train,train-0564,We we we love to pasta,nict_jle_real,file00818,file00818:26:2,,,,,,,pending,
train,train-0565,Very love I love he,nict_jle_real,file01135,file01135:18:3,,,,,,,pending,
train,train-0566,"Uum so I think, so sea is very wonderful and beautiful",nict_jle_real,file00583,file00583:12:1,,,,,,,pending,
train,train-0567,mm my my teacher an angry,nict_jle_real,file01142,file01142:7:1,,,,,,,pending,
train,train-0568,"Oh great And you know, uum on December first,",nict_jle_real,file00817,file00817:68:1,,,,,,,pending,
train,train-0569,I always mm get angry what they,nict_jle_real,file00353,file00353:15:2,,,,,,,pending,
train,train-0570,"And if I see it and I still love it, I will get it",nict_jle_real,file01224,file01224:124:1,,,,,,,pending,
train,train-0571,So ner the salary man angry and ner he he ner he claimed he claimed to next passenger,nict_jle_real,file00443,file00443:77:4,,,,,,,pending,
train,train-0572,thought it was great because er I just I think er then I just like the play atmosphere,nict_jle_real,file00044,file00044:12:2,,,,,,,pending,
train,train-0573,I love the quiet,nict_jle_real,file01032,file01032:33:1,,,,,,,pending,
train,train-0574,They get angry sometimes,nict_jle_real,file00574,file00574:130:2,,,,,,,pending,
train,train-0575,"I want to uhm I can enjoy I can't enjoy matsuri , but I can enjoy sports uhm or uhm so I I don't know why people uh excited in matsuri",nict_jle_real,file01156,file01156:56:3,,,,,,,pending,
train,train-0576,"Ah I usually talk about mm like ah love or philosophy, mm because ah my major is philosophy",nict_jle_real,file00032,file00032:11:1,,,,,,,pending,
train,train-0577,the etto love comedy movie,nict_jle_real,file00882,file00882:16:3,,,,,,,pending,
train,train-0578,I like I love this kind of restaurant,nict_jle_real,file00706,file00706:22:2,,,,,,,pending,
train,train-0579,"It was so so fantastic to to go around many, many place all over the world with diving",nict_jle_real,file00810,file00810:41:2,,,,,,,pending,
train,train-0580,But it's very eeh fantastic city for me,nict_jle_real,file01144,file01144:87:2,,,,,,,pending,
train,train-0581,Um I love it,nict_jle_real,file00163,file00163:88:4,,,,,,,pending,
train,train-0582,"I love to, but I couldn't",nict_jle_real,file00970,file00970:48:2,,,,,,,pending,
train,train-0583,So I love dancing so especially Latin dancing,nict_jle_real,file00660,file00660:14:2,,,,,,,pending,
train,train-0584,so so I was so excited about that,nict_jle_real,file00840,file00840:29:1,,,,,,,pending,
train,train-0585,The story is very sweet love story,nict_jle_real,file00040,file00040:88:1,,,,,,,pending,
train,train-0586,"Um I love I really love the Norway But I stayed there for a week But I love the London, too",nict_jle_real,file00553,file00553:47:1,,,,,,,pending,
train,train-0587,awful incident um concerning myself,nict_jle_real,file00133,file00133:64:2,,,,,,,pending,
train,train-0588,"But, most er comparing to stay hotel, it is uncomfortable but it was uncomfortable But, anyway the silence is great",nict_jle_real,file00876,file00876:32:6,,,,,,,pending,
train,train-0589,"some five days or something, I I love to go diving abroad",nict_jle_real,file00810,file00810:35:1,,,,,,,pending,
train,train-0590,"Ahh um when I was young, I love beach",nict_jle_real,file00510,file00510:3:2,,,,,,,pending,
train,train-0591,And I have ne I had never been in desert So I love I love desert,nict_jle_real,file00557,file00557:45:7,,,,,,,pending,
train,train-0592,I love I love very much,nict_jle_real,file00818,file00818:54:2,,,,,,,pending,
train,train-0593,That's why I love UNIQLO,nict_jle_real,file00870,file00870:43:5,,,,,,,pending,
train,train-0594,"Let's say, great to be a Japanese businessman",nict_jle_real,file00440,file00440:60:2,,,,,,,pending,
train,train-0595,I had to work all day in the office And it was su quite amazing,nict_jle_real,file01278,file01278:62:2,,,,,,,pending,
train,train-0596,So she so her heart is ah very mm excited then,nict_jle_real,file00187,file00187:54:6,,,,,,,pending,
train,train-0597,But the guy love the girl very much,nict_jle_real,file01135,file01135:53:10,,,,,,,pending,
train,train-0598,"Er for example, action action movie, er comedy, er love romance, , but er I hate a horror movie",nict_jle_real,file00828,file00828:56:1,,,,,,,pending,
train,train-0599,"And when the car is turning around, er the car hit the motorbike, and he urr dropped off his er cell phone And he got angry",nict_jle_real,file00658,file00658:52:8,,,,,,,pending,
train,train-0600,erm I don't need to think about er difficult topics when I see the love story,nict_jle_real,file00641,file00641:29:1,,,,,,,pending,
train,train-0601,Cat ate the dried fish So that was the great oh,nict_jle_real,file01208,file01208:86:1,,,,,,,pending,
train,train-0602,Yeah So I I love red red color So do you have any red sweater,nict_jle_real,file00660,file00660:41:1,,,,,,,pending,
train,train-0603,"So of course, umm he got angry so much, but I also got angry so because so my cart are broken were broken, too",nict_jle_real,file00034,file00034:54:5,,,,,,,pending,
train,train-0604,And I I love to drive my car,nict_jle_real,file00084,file00084:27:1,,,,,,,pending,
train,train-0605,I I hate choice of mm products,nict_jle_real,file01053,file01053:40:2,,,,,,,pending,
train,train-0606,Maybe not uum not love story,nict_jle_real,file00742,file00742:53:2,,,,,,,pending,
train,train-0607,"Um but um at that time, I had a terrible accident",nict_jle_real,file00034,file00034:54:1,,,,,,,pending,
train,train-0608,"And there is many there are many, many fishes, corals So so fantastic",nict_jle_real,file00810,file00810:48:1,,,,,,,pending,
train,train-0609,"Traffic is so terrible, I think",nict_jle_real,file00658,file00658:61:2,,,,,,,pending,
train,train-0610,And so and actually that they really love to be in very quiet,nict_jle_real,file00980,file00980:10:5,,,,,,,pending,
train,train-0611,Because I I my my parents gave me a lot of love,nict_jle_real,file00453,file00453:19:2,,,,,,,pending,
train,train-0612,do I have to choice,nict_jle_real,file00593,file00593:36:4,,,,,,,pending,
train,train-0613,"many time, I I say, ""Please read this menu",nict_jle_real,file00941,file00941:27:2,,,,,,,pending,
train,train-0614,What time is best for you,nict_jle_real,file00668,file00668:40:4,,,,,,,pending,
train,train-0615,"Ma many friends um said, um "" Please please give me next ur next summer",nict_jle_real,file00148,file00148:36:3,,,,,,,pending,
train,train-0616,What kind of what are the what kind of er urn,nict_jle_real,file00576,file00576:59:4,,,,,,,pending,
train,train-0617,"how can I say, products clothes er to another to another or yeah, another",nict_jle_real,file00979,file00979:36:3,,,,,,,pending,
train,train-0618,And what time is it convenient for you,nict_jle_real,file00501,file00501:42:1,,,,,,,pending,
train,train-0619,Uh what time will we,nict_jle_real,file00742,file00742:46:2,,,,,,,pending,
train,train-0620,Is that one way ticket,nict_jle_real,file00664,file00664:31:2,,,,,,,pending,
train,train-0621,please invite me again if you have another party,nict_jle_real,file01227,file01227:97:1,,,,,,,pending,
train,train-0622,Er I was so now er so please ee please sell me your ticket,nict_jle_real,file00452,file00452:61:1,,,,,,,pending,
train,train-0623,Do you know Oopa,nict_jle_real,file01075,file01075:55:1,,,,,,,pending,
train,train-0624,What is what do you recommend to me to souvenir to my friends,nict_jle_real,file00693,file00693:39:2,,,,,,,pending,
train,train-0625,"I'll look around other corners, so, would you please negotiate your manager",nict_jle_real,file00623,file00623:25:2,,,,,,,pending,
train,train-0626,How much is this,nict_jle_real,file00372,file00372:22:4,,,,,,,pending,
train,train-0627,Please please show me,nict_jle_real,file01061,file01061:34:1,,,,,,,pending,
train,train-0628,Where is the ticket machine,nict_jle_real,file00480,file00480:26:2,,,,,,,pending,
train,train-0629,"Please, er non-smoking seat",nict_jle_real,file00280,file00280:90:2,,,,,,,pending,
train,train-0630,What kind of type,nict_jle_real,file00036,file00036:34:2,,,,,,,pending,
train,train-0631,How do I select the present,nict_jle_real,file00872,file00872:56:2,,,,,,,pending,
train,train-0632,can I bring it back,nict_jle_real,file00080,file00080:31:2,,,,,,,pending,
train,train-0633,"But please listen to me you know, if you are my situation, how do you do that",nict_jle_real,file00792,file00792:47:2,,,,,,,pending,
train,train-0634,would you just tell me why that the our hotel rooms were not ready at that time,nict_jle_real,file00796,file00796:28:3,,,,,,,pending,
train,train-0635,"Then, please reserve ee from hm Thursday er in April",nict_jle_real,file01071,file01071:54:3,,,,,,,pending,
train,train-0636,Could you please please change change this one to the newest one,nict_jle_real,file00965,file00965:47:3,,,,,,,pending,
train,train-0637,What do you do,nict_jle_real,file00819,file00819:5:1,,,,,,,pending,
train,train-0638,Um When does it leave here,nict_jle_real,file00553,file00553:28:1,,,,,,,pending,
train,train-0639,So uum my host family say that uum please tell uum explain Japanese culture And I explain it,nict_jle_real,file01155,file01155:52:2,,,,,,,pending,
train,train-0640,Do you like action movie,nict_jle_real,file00336,file00336:40:2,,,,,,,pending,
train,train-0641,How much is it,nict_jle_real,file00712,file00712:97:2,,,,,,,pending,
train,train-0642,well can you ask anyone any anybody else like er some professionals,nict_jle_real,file01186,file01186:76:2,,,,,,,pending,
train,train-0643,It's a difficult question,nict_jle_real,file01280,file01280:29:2,,,,,,,pending,
train,train-0644,Do you know Cherokee,nict_jle_real,file00208,file00208:51:1,,,,,,,pending,
train,train-0645,I'm sorry I um I have some question regarding the tour I joined err um three days ago,nict_jle_real,file00796,file00796:27:1,,,,,,,pending,
train,train-0646,"What what is ticket, please",nict_jle_real,file00411,file00411:40:2,,,,,,,pending,
train,train-0647,So uhm please uh and uhm so please change the dress,nict_jle_real,file00388,file00388:17:5,,,,,,,pending,
train,train-0648,What time do you mm do you what time do you go to the movie,nict_jle_real,file00090,file00090:30:3,,,,,,,pending,
train,train-0649,What is the difference of the of among three,nict_jle_real,file00841,file00841:64:4,,,,,,,pending,
train,train-0650,Um what do you work,nict_jle_real,file00972,file00972:4:1,,,,,,,pending,
train,train-0651,Do you have some express,nict_jle_real,file00553,file00553:27:4,,,,,,,pending,
train,train-0652,"If they have mm a lot of money, please",nict_jle_real,file00571,file00571:108:2,,,,,,,pending,
train,train-0653,Is there er a shuttle er bus service from here to New York,nict_jle_real,file00337,file00337:53:4,,,,,,,pending,
train,train-0654,Er do you know,nict_jle_real,file00460,file00460:14:2,,,,,,,pending,
train,train-0655,Would you would you show me how to buy a ticket to go there,nict_jle_real,file00908,file00908:27:2,,,,,,,pending,
train,train-0656,Oh and do you have any bro brochure for the tour,nict_jle_real,file00177,file00177:54:1,,,,,,,pending,
train,train-0657,"So I I asked calan clerk, so, Would you please er please info er tell me the which corner is a better to find er my underwear "" or something",nict_jle_real,file00623,file00623:29:1,,,,,,,pending,
train,train-0658,Do you have a nandakkena denim jacket,nict_jle_real,file00233,file00233:41:2,,,,,,,pending,
train,train-0659,How do I buy it,nict_jle_real,file00537,file00537:37:4,,,,,,,pending,
train,train-0660,"Uhh I I will explain yeah, I will consider the reason why",nict_jle_real,file00109,file00109:44:1,,,,,,,pending,
train,train-0661,How can we meet,nict_jle_real,file00987,file00987:48:3,,,,,,,pending,
train,train-0662,I'm going to and please how much is please how much is express train,nict_jle_real,file00156,file00156:39:2,,,,,,,pending,
train,train-0663,"How does that sound , I mean how is it",nict_jle_real,file00657,file00657:33:2,,,,,,,pending,
train,train-0664,where do where you,nict_jle_real,file00856,file00856:21:6,,,,,,,pending,
train,train-0665,can you give me eh explain ticket,nict_jle_real,file00437,file00437:78:5,,,,,,,pending,
train,train-0666,what time what time is good for you,nict_jle_real,file00306,file00306:87:1,,,,,,,pending,
train,train-0667,Well do you know some err windows company or fixing company or anything,nict_jle_real,file00851,file00851:92:1,,,,,,,pending,
train,train-0668,And what time does the Lo will the Local arrive New York,nict_jle_real,file00095,file00095:19:1,,,,,,,pending,
train,train-0669,How do you think,nict_jle_real,file00794,file00794:26:2,,,,,,,pending,
train,train-0670,"Oh I know, but er another store can change like this kind of stuff so, you know, this is kind of um customer service, so is it please change this shirts",nict_jle_real,file01118,file01118:45:1,,,,,,,pending,
train,train-0671,Ah would you explain what's the difference,nict_jle_real,file00866,file00866:48:2,,,,,,,pending,
train,train-0672,So urm what kind of um er I want to go as soon as as fast as I could So um please recommend,nict_jle_real,file00498,file00498:33:3,,,,,,,pending,
train,train-0673,where should I buy a ticket,nict_jle_real,file00066,file00066:52:6,,,,,,,pending,
train,train-0674,"So, would you would you talk to the people about this",nict_jle_real,file00440,file00440:42:7,,,,,,,pending,
train,train-0675,Um then what are there any other options that you can do,nict_jle_real,file01221,file01221:45:1,,,,,,,pending,
train,train-0676,could you change this one,nict_jle_real,file00376,file00376:39:4,,,,,,,pending,
train,train-0677,Is that what you mean,nict_jle_real,file00443,file00443:74:2,,,,,,,pending,
train,train-0678,So can I change it to the reserve seat with non-smoking,nict_jle_real,file00988,file00988:58:2,,,,,,,pending,
train,train-0679,May I have a question,nict_jle_real,file00549,file00549:99:2,,,,,,,pending,
train,train-0680,so what do you do with my bag,nict_jle_real,file00199,file00199:83:7,,,,,,,pending,
train,train-0681,Why don't you the ur some of them please keep in it for me,nict_jle_real,file00694,file00694:48:2,,,,,,,pending,
train,train-0682,"is this have er oh no, do this have some shoulder",nict_jle_real,file01179,file01179:73:4,,,,,,,pending,
train,train-0683,It's very difficult question,nict_jle_real,file00402,file00402:20:2,,,,,,,pending,
train,train-0684,um well what do I remember,nict_jle_real,file00802,file00802:64:1,,,,,,,pending,
train,train-0685,I have a er um one question,nict_jle_real,file00875,file00875:21:4,,,,,,,pending,
train,train-0686,oh erm do you have do you have sch schedule erm for tomorrow,nict_jle_real,file00773,file00773:40:5,,,,,,,pending,
train,train-0687,"So, what time do you want to go there",nict_jle_real,file00478,file00478:27:2,,,,,,,pending,
train,train-0688,"But, urr you know, I don't want to keep you, you know, worried and so maybe this time, I just, urr you know, I can't go, but er maybe next time, yeah, urr if you have urr could you please invite me",nict_jle_real,file00075,file00075:51:2,,,,,,,pending,
train,train-0689,"So, what is the most selling car in this shop",nict_jle_real,file00169,file00169:50:1,,,,,,,pending,
train,train-0690,What do I miss most about America,nict_jle_real,file01252,file01252:57:1,,,,,,,pending,
train,train-0691,So did you have any recommend bag,nict_jle_real,file01068,file01068:35:1,,,,,,,pending,
train,train-0692,Is it possible for you,nict_jle_real,file01077,file01077:74:1,,,,,,,pending,
train,train-0693,"Yes, ah I want to uh go to New York uh by train, so please tell me um um what sho what should I do",nict_jle_real,file00033,file00033:27:1,,,,,,,pending,
train,train-0694,"Do you have any pla plans for going ,",nict_jle_real,file00177,file00177:87:2,,,,,,,pending,
train,train-0695,"change this erm would you change this ticket to the next train, please",nict_jle_real,file00253,file00253:29:5,,,,,,,pending,
train,train-0696,oh what should I describe,nict_jle_real,file00007,file00007:25:4,,,,,,,pending,
train,train-0697,Please give me a ticket to New York,nict_jle_real,file00480,file00480:27:2,,,,,,,pending,
train,train-0698,Em I wonder if you want to go to movie this weekend,nict_jle_real,file00321,file00321:31:1,,,,,,,pending,
train,train-0699,Please call me when you get in touch,nict_jle_real,file01212,file01212:69:1,,,,,,,pending,
train,train-0700,Do I need to describe that his clothes,nict_jle_real,file00980,file00980:38:1,,,,,,,pending,
train,train-0701,Can I have to think about Or I immediately start,nict_jle_real,file00987,file00987:68:1,,,,,,,pending,
train,train-0702,"What what ahm question so I have to um think what question is better than this, or yeah, which answer is best",nict_jle_real,file01157,file01157:11:2,,,,,,,pending,
train,train-0703,"Little bit more, please",nict_jle_real,file00182,file00182:52:2,,,,,,,pending,
train,train-0704,How much this ticket,nict_jle_real,file00924,file00924:22:1,,,,,,,pending,
train,train-0705,How long does it take from here to New York,nict_jle_real,file00230,file00230:29:4,,,,,,,pending,
train,train-0706,How much does it cost,nict_jle_real,file00848,file00848:74:3,,,,,,,pending,
train,train-0707,Urrr Could you explain urrr could you explain the situation where I am,nict_jle_real,file00249,file00249:38:3,,,,,,,pending,
train,train-0708,"On second thought, er very fast train, please",nict_jle_real,file00480,file00480:31:2,,,,,,,pending,
train,train-0709,So could you tell me ummmm could you tell me ahh good place,nict_jle_real,file00682,file00682:45:2,,,,,,,pending,
train,train-0710,Well then um is there any way to err contact him today or now,nict_jle_real,file00802,file00802:50:2,,,,,,,pending,
train,train-0711,And how much eh is it to New York,nict_jle_real,file00905,file00905:33:3,,,,,,,pending,
train,train-0712,Do you know Virginia,nict_jle_real,file00618,file00618:72:2,,,,,,,pending,
train,train-0713,Erm And how are you,nict_jle_real,file00083,file00083:26:1,,,,,,,pending,
train,train-0714,And and um can you suggest me um where do I go,nict_jle_real,file00581,file00581:38:3,,,,,,,pending,
train,train-0715,please coordinate my suits,nict_jle_real,file00589,file00589:46:2,,,,,,,pending,
train,train-0716,Could you tell me about the difference of two guitar,nict_jle_real,file01081,file01081:31:5,,,,,,,pending,
train,train-0717,Please say it again,nict_jle_real,file00446,file00446:79:3,,,,,,,pending,
train,train-0718,Where is the platform,nict_jle_real,file00422,file00422:74:2,,,,,,,pending,
train,train-0719,Are you free on this weekend,nict_jle_real,file00669,file00669:34:2,,,,,,,pending,
train,train-0720,So um how do how do we go um to Ginza,nict_jle_real,file00703,file00703:44:2,,,,,,,pending,
train,train-0721,So they they always ask me to from simple question or um very difficult question I do I don't know,nict_jle_real,file01069,file01069:10:1,,,,,,,pending,
train,train-0722,So could you repair it as soon as possible,nict_jle_real,file01186,file01186:58:2,,,,,,,pending,
train,train-0723,How much does it cost for a person,nict_jle_real,file00307,file00307:42:2,,,,,,,pending,
train,train-0724,How long does it take to the to there,nict_jle_real,file00369,file00369:26:2,,,,,,,pending,
train,train-0725,So could you please pay me back,nict_jle_real,file01190,file01190:105:1,,,,,,,pending,
train,train-0726,er do I stay,nict_jle_real,file00431,file00431:94:1,,,,,,,pending,
train,train-0727,Do you know that,nict_jle_real,file00289,file00289:11:1,,,,,,,pending,
train,train-0728,Oh Is it the most hai err is it the earliest train,nict_jle_real,file00848,file00848:72:1,,,,,,,pending,
train,train-0729,how much is it take to New York,nict_jle_real,file00785,file00785:48:2,,,,,,,pending,
train,train-0730,"So, please let me think just a little bit",nict_jle_real,file00216,file00216:19:2,,,,,,,pending,
train,train-0731,How much er each each other,nict_jle_real,file00737,file00737:29:4,,,,,,,pending,
train,train-0732,And then otherwise I ha I can't go to the airport So please,nict_jle_real,file01270,file01270:89:3,,,,,,,pending,
train,train-0733,"Oh I I know about the policy, but I think I will never wear this tho these gloves So can I refund, please",nict_jle_real,file01241,file01241:60:1,,,,,,,pending,
train,train-0734,Do you have any kind of express,nict_jle_real,file00690,file00690:32:3,,,,,,,pending,
train,train-0735,"Could you do that, please",nict_jle_real,file01223,file01223:64:2,,,,,,,pending,
train,train-0736,Explain train um what time it start,nict_jle_real,file01196,file01196:57:2,,,,,,,pending,
train,train-0737,Er do you have anything else,nict_jle_real,file00995,file00995:61:1,,,,,,,pending,
train,train-0738,Could I make an appointment to see him,nict_jle_real,file00301,file00301:57:3,,,,,,,pending,
train,train-0739,Can I describe another the this picture,nict_jle_real,file00591,file00591:36:2,,,,,,,pending,
train,train-0740,Can I have her,nict_jle_real,file01265,file01265:56:21,,,,,,,pending,
train,train-0741,Is that er discount,nict_jle_real,file00429,file00429:26:3,,,,,,,pending,
train,train-0742,What do I usually do,nict_jle_real,file00301,file00301:25:2,,,,,,,pending,
train,train-0743,Erm I'd like to go to New York so please tell me the train fare to New York,nict_jle_real,file01102,file01102:28:2,,,,,,,pending,
train,train-0744,Can I have other time,nict_jle_real,file00285,file00285:62:2,,,,,,,pending,
train,train-0745,"I don't have any plans yet, but I think I'm gonna study for the examination is coming up",nict_jle_real,file01251,file01251:94:2,,,,,,,pending,
train,train-0746,I now I usually listen listen to music in my free time,nict_jle_real,file00924,file00924:6:2,,,,,,,pending,
train,train-0747,"finally, I went out of the store with my with this many",nict_jle_real,file00254,file00254:31:19,,,,,,,pending,
train,train-0748,"And Sunday, my family came to will come to my home, and go to eating because a birthday is eleventh December",nict_jle_real,file00103,file00103:69:1,,,,,,,pending,
train,train-0749,"Urm nearly fine, but kind of sleepy",nict_jle_real,file01250,file01250:4:1,,,,,,,pending,
train,train-0750,Eyes And I don't know anyway something,nict_jle_real,file00904,file00904:76:1,,,,,,,pending,
train,train-0751,"You know in the States, they sit mm they the teachers have their own rooms so they don't have to move, and just the students move But here, everyone moves",nict_jle_real,file01251,file01251:19:2,,,,,,,pending,
train,train-0752,"Uh mm reason, so desune brown, mm I like I like Charley Brown",nict_jle_real,file00404,file00404:62:2,,,,,,,pending,
train,train-0753,"Make ehh good, delicious food and delicious uhm cake",nict_jle_real,file00582,file00582:58:2,,,,,,,pending,
train,train-0754,See you on Sunday,nict_jle_real,file00768,file00768:22:3,,,,,,,pending,
train,train-0755,And they even suppo offered to me support for the like er tuitions,nict_jle_real,file01213,file01213:19:1,,,,,,,pending,
train,train-0756,Um so my father my father my father also work work works,nict_jle_real,file00500,file00500:28:4,,,,,,,pending,
train,train-0757,"There were a lot of ties, so she didn't er choose easily",nict_jle_real,file00212,file00212:94:6,,,,,,,pending,
train,train-0758,Chinese restaurant er Chinese food is on the turn-table,nict_jle_real,file00993,file00993:61:1,,,,,,,pending,
train,train-0759,"Just now, I work in er the cram school, juku",nict_jle_real,file00354,file00354:77:1,,,,,,,pending,
train,train-0760,It was very expensive When she,nict_jle_real,file01102,file01102:42:5,,,,,,,pending,
train,train-0761,"I I I think er normally, ee twenty twenty-four hours",nict_jle_real,file00455,file00455:33:3,,,,,,,pending,
train,train-0762,But um luxurious food is very uum expensive for me,nict_jle_real,file00725,file00725:33:4,,,,,,,pending,
train,train-0763,"Erm maybe if we will succeed in the next business, so maybe we can erm um feedback to a lot a lot of people our money and a lot of opportunity to something, maybe",nict_jle_real,file00054,file00054:25:6,,,,,,,pending,
train,train-0764,"And there are a lot of um gadgets, radios, a mirror and she has a pet",nict_jle_real,file01229,file01229:52:1,,,,,,,pending,
train,train-0765,"Urr So, I I have urr prepare for that document",nict_jle_real,file00368,file00368:64:2,,,,,,,pending,
train,train-0766,pay me in some to some extent that um to match the expense of what I thought and what,nict_jle_real,file01210,file01210:58:2,,,,,,,pending,
train,train-0767,"And er another side of a road, I can see a man reading a newspaper on the bench",nict_jle_real,file00394,file00394:37:12,,,,,,,pending,
train,train-0768,Urr the scenes I have never seen before,nict_jle_real,file00307,file00307:29:2,,,,,,,pending,
train,train-0769,happy and they're enjoyed Then they go,nict_jle_real,file01053,file01053:45:13,,,,,,,pending,
train,train-0770,"Because, not very tidy but er on the other hand, my my room is very not not not tidy",nict_jle_real,file00083,file00083:21:3,,,,,,,pending,
train,train-0771,Oh we I used College Board,nict_jle_real,file01224,file01224:95:1,,,,,,,pending,
train,train-0772,"I don't know what it's called, writing",nict_jle_real,file01241,file01241:90:2,,,,,,,pending,
train,train-0773,Er but the theme is the medicine,nict_jle_real,file01269,file01269:53:4,,,,,,,pending,
train,train-0774,I will have my hair cut,nict_jle_real,file00627,file00627:64:3,,,,,,,pending,
train,train-0775,"No, not so much",nict_jle_real,file00793,file00793:9:1,,,,,,,pending,
train,train-0776,"So, I can relax err even one hour lunch lunch time",nict_jle_real,file00205,file00205:26:1,,,,,,,pending,
train,train-0777,So I have to mm do something so I go swimming,nict_jle_real,file00632,file00632:15:1,,,,,,,pending,
train,train-0778,I want the light light thing light one,nict_jle_real,file00829,file00829:52:4,,,,,,,pending,
train,train-0779,I well I didn't do anything about that,nict_jle_real,file01274,file01274:46:3,,,,,,,pending,
train,train-0780,"Because mm dog is really loyal to any other human beings On the other hand, cat is not",nict_jle_real,file00374,file00374:24:9,,,,,,,pending,
train,train-0781,"Urm So I suggest to watch ""A I""",nict_jle_real,file00482,file00482:26:1,,,,,,,pending,
train,train-0782,Is is there more longer one,nict_jle_real,file00639,file00639:46:4,,,,,,,pending,
train,train-0783,I want a new type,nict_jle_real,file01125,file01125:39:1,,,,,,,pending,
train,train-0784,"Well actually, I spent high school years in Netherlands",nict_jle_real,file01186,file01186:42:1,,,,,,,pending,
train,train-0785,And I asked him if it's possible to do that and he said yes So that's why I bought this,nict_jle_real,file01277,file01277:44:2,,,,,,,pending,
train,train-0786,"I'm fine, and you",nict_jle_real,file00204,file00204:4:1,,,,,,,pending,
train,train-0787,thank you And you,nict_jle_real,file00684,file00684:31:3,,,,,,,pending,
train,train-0788,"That's very hard hard dancing, but I very enjoy",nict_jle_real,file00660,file00660:22:1,,,,,,,pending,
train,train-0789,"Yeah, mm So he he he is so lucky",nict_jle_real,file00095,file00095:10:1,,,,,,,pending,
train,train-0790,"I when I arrived at ho I arrived at home, it would be er around six o'clock So it's little bit late",nict_jle_real,file00007,file00007:65:3,,,,,,,pending,
train,train-0791,Um I like Cha China,nict_jle_real,file00699,file00699:62:1,,,,,,,pending,
train,train-0792,"Because um yes, um when I went there three month ago, I went shopping and I bought many, many things like two shoes two pair of two pairs of shoes and one handbag and it it it was very expensive those were very, very expensive",nict_jle_real,file00810,file00810:22:2,,,,,,,pending,
train,train-0793,Mhmm family restaurant or some cafe shop,nict_jle_real,file00016,file00016:38:2,,,,,,,pending,
train,train-0794,"they they had come, many many you know, many er sixty times er the number of lawyers American has",nict_jle_real,file00273,file00273:64:1,,,,,,,pending,
train,train-0795,"School life um I now, my school life is boring",nict_jle_real,file00719,file00719:5:1,,,,,,,pending,
train,train-0796,Maybe eh this room is hers,nict_jle_real,file00322,file00322:14:2,,,,,,,pending,
train,train-0797,"I do urr many computers, so I don't often go out",nict_jle_real,file00620,file00620:11:5,,,,,,,pending,
train,train-0798,"Er first, I switch on the air conditioner",nict_jle_real,file01008,file01008:8:1,,,,,,,pending,
train,train-0799,Erm say as I see err that room is err very er lighter colors coordinate,nict_jle_real,file00570,file00570:31:7,,,,,,,pending,
train,train-0800,She is very nice girl,nict_jle_real,file00457,file00457:31:3,,,,,,,pending,
train,train-0801,"Yeah. I would like to get some whipped cream and whole milk with honey drizzled over the top. Would be fantastic. With an extra with extra espresso, please.",taskmaster1_woz_user_real,dlg-3df41ed8-43d6-4b13-b8c4-92ddf5523739,dlg-3df41ed8-43d6-4b13-b8c4-92ddf5523739:10,,,,,,,pending,
train,train-0802,I'm doing great. How about yourself?,taskmaster1_woz_user_real,dlg-52bf4595-fb8a-4169-92cc-f9596d284fb6,dlg-52bf4595-fb8a-4169-92cc-f9596d284fb6:1,,,,,,,pending,
train,train-0803,Sounds great and could you also tell me how long the trip will take?,taskmaster1_woz_user_real,dlg-1d7fd4a7-3d9e-4ca5-bc2b-858f81a130c8,dlg-1d7fd4a7-3d9e-4ca5-bc2b-858f81a130c8:17,,,,,,,pending,
train,train-0804,"Great. Well, I was wondering I wanted to order the cinnamon shortbread cream Frappuccino.",taskmaster1_woz_user_real,dlg-f7a06de8-688b-46bb-a667-8d40ee9a0c4a,dlg-f7a06de8-688b-46bb-a667-8d40ee9a0c4a:4,,,,,,,pending,
train,train-0805,"Okay, great. Now, who directed the movie called War?",taskmaster1_woz_user_real,dlg-03aa0a4e-eb4f-4ef2-9b3e-d638872372a3,dlg-03aa0a4e-eb4f-4ef2-9b3e-d638872372a3:15,,,,,,,pending,
train,train-0806,"Okay, great. Yeah, could you tell me how long that trip will take?",taskmaster1_woz_user_real,dlg-6d3033aa-9e36-457e-9a40-c402a767ae8f,dlg-6d3033aa-9e36-457e-9a40-c402a767ae8f:16,,,,,,,pending,
train,train-0807,"Oh, okay. Great. Can I have that one, please?",taskmaster1_woz_user_real,dlg-55f7277e-4aa4-4b52-95fc-8bebc267326e,dlg-55f7277e-4aa4-4b52-95fc-8bebc267326e:13,,,,,,,pending,
train,train-0808,"Okay, that that sounds great. Thank you so much. Can you give me the address?",taskmaster1_woz_user_real,dlg-05b2ad89-d7a7-4a4d-9c6e-1503d463a65f,dlg-05b2ad89-d7a7-4a4d-9c6e-1503d463a65f:16,,,,,,,pending,
train,train-0809,"Yeah, that's great. How long till it's ready?",taskmaster1_woz_user_real,dlg-148135d4-8b07-43d2-ac39-f37d97b097dc,dlg-148135d4-8b07-43d2-ac39-f37d97b097dc:8,,,,,,,pending,
train,train-0810,Great. Do you know if they have live music?,taskmaster1_woz_user_real,dlg-5eb7650b-4ff0-4b5b-ae65-fa2b32248856,dlg-5eb7650b-4ff0-4b5b-ae65-fa2b32248856:12,,,,,,,pending,
train,train-0811,"Well, do they I don't need a reservation, right? For lunch? And doesn't sound like a place I would need a reservation. No, I got it. Okay, great. Yeah, I think that would work. Thank you Bye.",taskmaster1_woz_user_real,dlg-15783dfc-c6c8-4a57-ad49-553e63199fd5,dlg-15783dfc-c6c8-4a57-ad49-553e63199fd5:22,,,,,,,pending,
train,train-0812,I'm great. How are you?,taskmaster1_woz_user_real,dlg-0debcc48-5400-472f-ad6b-bc2e4f66f568,dlg-0debcc48-5400-472f-ad6b-bc2e4f66f568:1,,,,,,,pending,
train,train-0813,Great. And could you tell me how long the ride is to get there?,taskmaster1_woz_user_real,dlg-c9ff0583-432e-4dcd-8406-cbb97c52b737,dlg-c9ff0583-432e-4dcd-8406-cbb97c52b737:22,,,,,,,pending,
train,train-0814,"Okay, great. Could you tell me how long the trip will last?",taskmaster1_woz_user_real,dlg-b2506fc7-ed61-4732-a4e6-c1bf37d5b4f7,dlg-b2506fc7-ed61-4732-a4e6-c1bf37d5b4f7:14,,,,,,,pending,
train,train-0815,"Okay, fantastic. How much will that cost?",taskmaster1_woz_user_real,dlg-418f513c-4f1c-40d9-a135-0a9125777f5f,dlg-418f513c-4f1c-40d9-a135-0a9125777f5f:19,,,,,,,pending,
train,train-0816,"Okay, great. The first restaurant sounds delightful to me, so could we have a reservation placed for that location some time early tonight?",taskmaster1_woz_user_real,dlg-bf663b2a-ccd7-458b-9a0f-6b53f80458ab,dlg-bf663b2a-ccd7-458b-9a0f-6b53f80458ab:18,,,,,,,pending,
train,train-0817,Great. And would you say that's a romantic place?,taskmaster1_woz_user_real,dlg-ce300675-0fc9-4702-8499-09e412b3b9d9,dlg-ce300675-0fc9-4702-8499-09e412b3b9d9:16,,,,,,,pending,
train,train-0818,"Yes, I would I definitely need the directions and address to the shop, please.",taskmaster1_woz_user_real,dlg-66744029-afc4-4a4c-9adb-8ab1edf71d6e,dlg-66744029-afc4-4a4c-9adb-8ab1edf71d6e:28,,,,,,,pending,
train,train-0819,"Oh, fantastic. I would just like to find something to eat inside the Arden Fair mall, please.",taskmaster1_woz_user_real,dlg-aa96bef8-51b9-43ab-a376-8a7bf1a59d24,dlg-aa96bef8-51b9-43ab-a376-8a7bf1a59d24:3,,,,,,,pending,
train,train-0820,"Meat lovers pizza, okay that's fantastic. All right, can I have one small meat lovers pizza?",taskmaster1_woz_user_real,dlg-fd400948-0777-4408-8300-b049b2865c53,dlg-fd400948-0777-4408-8300-b049b2865c53:8,,,,,,,pending,
train,train-0821,"Great, does Moselle's offer alcohol or BYOB?",taskmaster1_woz_user_real,dlg-2b393257-d01f-4a7f-9d6f-e0d1072f3293,dlg-2b393257-d01f-4a7f-9d6f-e0d1072f3293:15,,,,,,,pending,
train,train-0822,"Okay, that's great. And just to ask question, who directed the movie? Do you know?",taskmaster1_woz_user_real,dlg-9329d6eb-db08-4bf3-b8c1-8b1ac6bc0201,dlg-9329d6eb-db08-4bf3-b8c1-8b1ac6bc0201:49,,,,,,,pending,
train,train-0823,"Yes please, that would be great.",taskmaster1_woz_user_real,dlg-de412b10-2d03-427d-8482-12782300c9c2,dlg-de412b10-2d03-427d-8482-12782300c9c2:13,,,,,,,pending,
train,train-0824,"Fantastic, do they offer craft bear at that option?",taskmaster1_woz_user_real,dlg-79633701-a2eb-4006-8b87-11a4d9702f97,dlg-79633701-a2eb-4006-8b87-11a4d9702f97:12,,,,,,,pending,
train,train-0825,How about Marry Poppins Returns? That's great.,taskmaster1_woz_user_real,dlg-3562f1a6-13c2-4e7b-a2e3-3affa4139af8,dlg-3562f1a6-13c2-4e7b-a2e3-3affa4139af8:16,,,,,,,pending,
train,train-0826,Great. I think I'm going to go ahead and choose the Corrello. Can we please book a reservation?,taskmaster1_woz_user_real,dlg-bf0a6c27-3f03-401a-9db0-2c8b4d54223f,dlg-bf0a6c27-3f03-401a-9db0-2c8b4d54223f:16,,,,,,,pending,
train,train-0827,Hi. I'm great. I'd like to order a drink from Starbucks on Wall Street in New York City. Can you help?,taskmaster1_woz_user_real,dlg-abf24428-fc94-4c13-bb2a-bd93da6a3112,dlg-abf24428-fc94-4c13-bb2a-bd93da6a3112:3,,,,,,,pending,
train,train-0828,"Great, do they have a reservation?",taskmaster1_woz_user_real,dlg-88f62e8e-b4ee-465a-a4bb-820601699a94,dlg-88f62e8e-b4ee-465a-a4bb-820601699a94:13,,,,,,,pending,
train,train-0829,"Great. I'd like to book a table there, please. A reservation.",taskmaster1_woz_user_real,dlg-b8fbc54e-c083-4407-9671-ea6134afa2b9,dlg-b8fbc54e-c083-4407-9671-ea6134afa2b9:12,,,,,,,pending,
train,train-0830,"Fantastic. I'll choose the first one, Alexander's, please.",taskmaster1_woz_user_real,dlg-42bd4073-74a2-43a0-bad7-ea2a30cacf1d,dlg-42bd4073-74a2-43a0-bad7-ea2a30cacf1d:21,,,,,,,pending,
train,train-0831,"That'd be fantastic. Can you please let me know what the total will be, please? I want extra cheese on all four, please.",taskmaster1_woz_user_real,dlg-fd400948-0777-4408-8300-b049b2865c53,dlg-fd400948-0777-4408-8300-b049b2865c53:17,,,,,,,pending,
train,train-0832,Oh yeah! Why don't you just text me that?,taskmaster1_woz_user_real,dlg-968604bc-c75a-4e3f-b44e-0799f5c7de76,dlg-968604bc-c75a-4e3f-b44e-0799f5c7de76:37,,,,,,,pending,
train,train-0833,Are we all good to go? Awesome. Thank you so much.,taskmaster1_woz_user_real,dlg-50273313-a812-4155-930f-922461dafa2b,dlg-50273313-a812-4155-930f-922461dafa2b:17,,,,,,,pending,
train,train-0834,Hello. Are you there? I'd love to see the Common movie.,taskmaster1_woz_user_real,dlg-5472ee35-084d-4eb6-99b2-d5fb8bb3d859,dlg-5472ee35-084d-4eb6-99b2-d5fb8bb3d859:2,,,,,,,pending,
train,train-0835,"Okay, that's great. I think I like the sound of the Waterbar. Could you see if they have a reservation for Saturday night at 8:00 for a party of two?",taskmaster1_woz_user_real,dlg-acc40b50-50fd-4ccf-a023-a146f7e537f3,dlg-acc40b50-50fd-4ccf-a023-a146f7e537f3:15,,,,,,,pending,
train,train-0836,"Okay, that's fantastic. I'll choose Sbarro. Can I have the telephone number, please?",taskmaster1_woz_user_real,dlg-5f4b4114-de27-4c75-90fb-5d4b3b90f251,dlg-5f4b4114-de27-4c75-90fb-5d4b3b90f251:26,,,,,,,pending,
train,train-0837,"Great. For the second one, can you tell me the grade rating it received, and how much the average price is?",taskmaster1_woz_user_real,dlg-67fb1b7f-036d-4691-975e-beda3ec68a6c,dlg-67fb1b7f-036d-4691-975e-beda3ec68a6c:8,,,,,,,pending,
train,train-0838,"Oh, you do? That's awesome. So yeah, I was saying I need tickets before 5:00 pm today.",taskmaster1_woz_user_real,dlg-efcc7c5e-d8d0-403a-be81-a1827895f3aa,dlg-efcc7c5e-d8d0-403a-be81-a1827895f3aa:2,,,,,,,pending,
train,train-0839,"Okay, great. And could you tell me what the customer rating is for both restaurants?",taskmaster1_woz_user_real,dlg-00d44b07-4d5e-42ae-ba74-b445f1e23004,dlg-00d44b07-4d5e-42ae-ba74-b445f1e23004:16,,,,,,,pending,
train,train-0840,"That sounds great. Can we please go start making a to book a reservation, please?",taskmaster1_woz_user_real,dlg-97fec942-6426-4225-b593-2facafdf05cc,dlg-97fec942-6426-4225-b593-2facafdf05cc:19,,,,,,,pending,
train,train-0841,"Great. Do you happen to know the director for The Lego Movie 2, please?",taskmaster1_woz_user_real,dlg-022217b7-7c14-4c41-b5a2-499d788319ca,dlg-022217b7-7c14-4c41-b5a2-499d788319ca:18,,,,,,,pending,
train,train-0842,Great. Could you tell me more about those restaurants?,taskmaster1_woz_user_real,dlg-fda9c765-194d-4336-9a41-0bf088d4bffa,dlg-fda9c765-194d-4336-9a41-0bf088d4bffa:12,,,,,,,pending,
train,train-0843,"Oh, okay. That's great. And could you tell me the customer rating for the restaurants?",taskmaster1_woz_user_real,dlg-4fc84f3d-932a-4ab2-b921-cf3a51dedac6,dlg-4fc84f3d-932a-4ab2-b921-cf3a51dedac6:12,,,,,,,pending,
train,train-0844,I'm doing great. How are you?,taskmaster1_woz_user_real,dlg-0a0711e3-3ac4-421f-8ec9-d5b94b344bee,dlg-0a0711e3-3ac4-421f-8ec9-d5b94b344bee:1,,,,,,,pending,
train,train-0845,Great. Could you tell me what the prices are like at Shoki Ramen House?,taskmaster1_woz_user_real,dlg-402a12fb-ae2b-47cb-aeca-1a3f873fa30f,dlg-402a12fb-ae2b-47cb-aeca-1a3f873fa30f:13,,,,,,,pending,
train,train-0846,"Dallas Love Field airport, please.",taskmaster1_woz_user_real,dlg-761d107d-0caf-4828-8c34-a31d08f304a4,dlg-761d107d-0caf-4828-8c34-a31d08f304a4:22,,,,,,,pending,
train,train-0847,Awesome. When will it be ready?,taskmaster1_woz_user_real,dlg-08ba7efe-3409-48b0-bc42-bf289a259eac,dlg-08ba7efe-3409-48b0-bc42-bf289a259eac:13,,,,,,,pending,
train,train-0848,"All right, sounds great. Is there a showing around 7:00 or 8:00?",taskmaster1_woz_user_real,dlg-22da7710-0cfb-4e44-b251-456d2ec951c2,dlg-22da7710-0cfb-4e44-b251-456d2ec951c2:14,,,,,,,pending,
train,train-0849,"All right, great. How long is the trip from where we are to the restaurant?",taskmaster1_woz_user_real,dlg-13845610-bc4e-4946-87ce-510e81e2bf48,dlg-13845610-bc4e-4946-87ce-510e81e2bf48:9,,,,,,,pending,
train,train-0850,That's great. How soon can the driver be here?,taskmaster1_woz_user_real,dlg-31b4d2ed-f4d8-4b37-87d6-351ea344c7ca,dlg-31b4d2ed-f4d8-4b37-87d6-351ea344c7ca:11,,,,,,,pending,
train,train-0851,That sounds great. Is it possible to reserve a booth?,taskmaster1_woz_user_real,dlg-3b9f8fea-78b9-4c9e-9834-62fb0c1215c6,dlg-3b9f8fea-78b9-4c9e-9834-62fb0c1215c6:13,,,,,,,pending,
train,train-0852,Awesome. Hey. Who who directed this one?,taskmaster1_woz_user_real,dlg-dc136d87-593c-4b40-9ff0-64c79a38e310,dlg-dc136d87-593c-4b40-9ff0-64c79a38e310:17,,,,,,,pending,
train,train-0853,"I'm great. I'd like to order three medium pizzas from Belluno, please.",taskmaster1_woz_user_real,dlg-11dd7e6e-6212-4217-9870-45c0085a4193,dlg-11dd7e6e-6212-4217-9870-45c0085a4193:3,,,,,,,pending,
train,train-0854,"Okay, great. And what was the other restaurant, again?",taskmaster1_woz_user_real,dlg-c2d67e77-61c1-405c-bf85-99751bd0cf84,dlg-c2d67e77-61c1-405c-bf85-99751bd0cf84:15,,,,,,,pending,
train,train-0855,Great. When will it be ready?,taskmaster1_woz_user_real,dlg-220ef917-6bbd-42a3-a2e4-92d59af126d7,dlg-220ef917-6bbd-42a3-a2e4-92d59af126d7:13,,,,,,,pending,
train,train-0856,"Great. Before you go, can you tell me who the director is of the movie?",taskmaster1_woz_user_real,dlg-6612e111-693b-4e8d-84ee-4d084d2ef823,dlg-6612e111-693b-4e8d-84ee-4d084d2ef823:17,,,,,,,pending,
train,train-0857,"Okay great, and how long will the trip last?",taskmaster1_woz_user_real,dlg-eb2878ed-9d6d-4e10-adbd-30fd4c57c37c,dlg-eb2878ed-9d6d-4e10-adbd-30fd4c57c37c:16,,,,,,,pending,
train,train-0858,"Yeah, that's great. Can you tell me who is staring in the film?",taskmaster1_woz_user_real,dlg-3119bbc9-76d1-49c4-8284-e5e11d4cbf3f,dlg-3119bbc9-76d1-49c4-8284-e5e11d4cbf3f:18,,,,,,,pending,
train,train-0859,"Yes, please. That'll be great.",taskmaster1_woz_user_real,dlg-6d48ba7c-df06-4350-a5a7-63c822a65634,dlg-6d48ba7c-df06-4350-a5a7-63c822a65634:10,,,,,,,pending,
train,train-0860,"Yeah, that's great. Can you book it for a pickup now?",taskmaster1_woz_user_real,dlg-b0055fd5-28c4-4d21-a3ab-2278482164b1,dlg-b0055fd5-28c4-4d21-a3ab-2278482164b1:11,,,,,,,pending,
train,train-0861,Great. And does bento box? How is bento box priced?,taskmaster1_woz_user_real,dlg-402a12fb-ae2b-47cb-aeca-1a3f873fa30f,dlg-402a12fb-ae2b-47cb-aeca-1a3f873fa30f:17,,,,,,,pending,
train,train-0862,Great. What's the estimated duration of the trip?,taskmaster1_woz_user_real,dlg-153c08cc-8c30-454b-84e8-08a8ae368bef,dlg-153c08cc-8c30-454b-84e8-08a8ae368bef:14,,,,,,,pending,
train,train-0863,Awesome. And how long is the trip?,taskmaster1_woz_user_real,dlg-101e52b4-3635-4331-9775-86da14b799ff,dlg-101e52b4-3635-4331-9775-86da14b799ff:20,,,,,,,pending,
train,train-0864,"Great, I wanted tickets to see a movie. Could you help me book them?",taskmaster1_woz_user_real,dlg-59790b88-f360-4d47-8b1f-434c719dcdb3,dlg-59790b88-f360-4d47-8b1f-434c719dcdb3:3,,,,,,,pending,
train,train-0865,"Great, are they kid friendly?",taskmaster1_woz_user_real,dlg-6a5f0a0c-17ee-42e0-b68f-b4c14d21e089,dlg-6a5f0a0c-17ee-42e0-b68f-b4c14d21e089:9,,,,,,,pending,
train,train-0866,Great. Could I get a black and white mocha?,taskmaster1_woz_user_real,dlg-52ce3d4b-0d20-4fb0-b035-02ccc94967d2,dlg-52ce3d4b-0d20-4fb0-b035-02ccc94967d2:5,,,,,,,pending,
train,train-0867,"Great, thank you. Please process my order.",taskmaster1_woz_user_real,dlg-5f6bae57-7986-48a5-a1f6-6155250d926a,dlg-5f6bae57-7986-48a5-a1f6-6155250d926a:11,,,,,,,pending,
train,train-0868,"Okay, fantastic, okay. Can I go ahead and book a reservation at the first option, please?",taskmaster1_woz_user_real,dlg-8e437741-e8ab-42d4-b2a4-12446ab0cfbf,dlg-8e437741-e8ab-42d4-b2a4-12446ab0cfbf:17,,,,,,,pending,
train,train-0869,Great. How long is the trip?,taskmaster1_woz_user_real,dlg-96785faf-da70-4633-b48f-4543ddbb9333,dlg-96785faf-da70-4633-b48f-4543ddbb9333:16,,,,,,,pending,
train,train-0870,"Hey, I'm great. How are you doing? I need to find a restaurant in San Francisco, California that serves deep dish pizza.",taskmaster1_woz_user_real,dlg-67fb1b7f-036d-4691-975e-beda3ec68a6c,dlg-67fb1b7f-036d-4691-975e-beda3ec68a6c:1,,,,,,,pending,
train,train-0871,That's great. Could you please book that for me?,taskmaster1_woz_user_real,dlg-0550e50d-7d62-4570-9bad-1cff21df79e8,dlg-0550e50d-7d62-4570-9bad-1cff21df79e8:26,,,,,,,pending,
train,train-0872,Okay. Great. And do either of them have an actually have a kids' menu?,taskmaster1_woz_user_real,dlg-0cfe2a8d-476f-499c-ae10-34f52ea541bf,dlg-0cfe2a8d-476f-499c-ae10-34f52ea541bf:16,,,,,,,pending,
train,train-0873,"Yeah, how late is Burma Love open?",taskmaster1_woz_user_real,dlg-c936ddbf-68a7-4d35-9f34-6a6b33532ad7,dlg-c936ddbf-68a7-4d35-9f34-6a6b33532ad7:6,,,,,,,pending,
train,train-0874,Great. Can you give me the contact information for Mama Susanna?,taskmaster1_woz_user_real,dlg-f1baff60-57df-487c-9646-e9325b2fc539,dlg-f1baff60-57df-487c-9646-e9325b2fc539:19,,,,,,,pending,
train,train-0875,"That's great, how fast can the driver be here?",taskmaster1_woz_user_real,dlg-4ed46d79-e6c2-4c72-81fb-3c8b1a142934,dlg-4ed46d79-e6c2-4c72-81fb-3c8b1a142934:9,,,,,,,pending,
train,train-0876,"Okay, great. Can we make a reservation for Matador?",taskmaster1_woz_user_real,dlg-0550e50d-7d62-4570-9bad-1cff21df79e8,dlg-0550e50d-7d62-4570-9bad-1cff21df79e8:17,,,,,,,pending,
train,train-0877,"Yes Yep, purchase them, please. Awesome. Thank you.",taskmaster1_woz_user_real,dlg-955d92fc-582b-49df-b7c4-ad09aedf705b,dlg-955d92fc-582b-49df-b7c4-ad09aedf705b:19,,,,,,,pending,
train,train-0878,Great. Do they take credit cards?,taskmaster1_woz_user_real,dlg-bf7bdf43-aadb-45cf-8ec8-7085480ffe32,dlg-bf7bdf43-aadb-45cf-8ec8-7085480ffe32:10,,,,,,,pending,
train,train-0879,Awesome. Thanks. What's the phone number and address?,taskmaster1_woz_user_real,dlg-7494005c-3173-44ed-a262-e5be7f57a404,dlg-7494005c-3173-44ed-a262-e5be7f57a404:17,,,,,,,pending,
train,train-0880,"Okay, great. And where is the sea food place located?",taskmaster1_woz_user_real,dlg-c443b159-0a1a-425a-8cf7-bc053dd3354d,dlg-c443b159-0a1a-425a-8cf7-bc053dd3354d:14,,,,,,,pending,
train,train-0881,I'm wonderful. How are you?,taskmaster1_woz_user_real,dlg-f29ebc0a-627f-42c0-a247-c4962fb263c6,dlg-f29ebc0a-627f-42c0-a247-c4962fb263c6:0,,,,,,,pending,
train,train-0882,"Excellent. That's great. Now with the second place, do they serve fresh lobster?",taskmaster1_woz_user_real,dlg-1ab38d60-3126-427a-a5d1-c37051084a37,dlg-1ab38d60-3126-427a-a5d1-c37051084a37:22,,,,,,,pending,
train,train-0883,"That's great. And before you go, could you double-check who directed movie for me?",taskmaster1_woz_user_real,dlg-93dcd397-a81b-46bc-b3d6-3672c78682b6,dlg-93dcd397-a81b-46bc-b3d6-3672c78682b6:27,,,,,,,pending,
train,train-0884,"Yes please, I would love olives.",taskmaster1_woz_user_real,dlg-25d3c5b7-97b1-480e-b660-95941eaff323,dlg-25d3c5b7-97b1-480e-b660-95941eaff323:8,,,,,,,pending,
train,train-0885,"Great. And then, could you tell me what the like the customer rating is for both restaurants?",taskmaster1_woz_user_real,dlg-6b93c399-9010-43eb-9b70-5c055d6c2587,dlg-6b93c399-9010-43eb-9b70-5c055d6c2587:14,,,,,,,pending,
train,train-0886,"Okay, fantastic and for the second, did they have outdoor sitting?",taskmaster1_woz_user_real,dlg-8e437741-e8ab-42d4-b2a4-12446ab0cfbf,dlg-8e437741-e8ab-42d4-b2a4-12446ab0cfbf:16,,,,,,,pending,
train,train-0887,"Hi! I need help booking a movie ticket, please.",taskmaster1_woz_user_real,dlg-549a18d5-b814-4a13-91c2-7e0a43df77a8,dlg-549a18d5-b814-4a13-91c2-7e0a43df77a8:1,,,,,,,pending,
train,train-0888,"Great, what time of the day?",taskmaster1_woz_user_real,dlg-85f13c6d-1c47-4a09-ae8b-c3414d481151,dlg-85f13c6d-1c47-4a09-ae8b-c3414d481151:8,,,,,,,pending,
train,train-0889,"Awesome, can you also tell me how long the movie is?",taskmaster1_woz_user_real,dlg-c31f4fdc-ad2d-425a-8fb6-047922582e03,dlg-c31f4fdc-ad2d-425a-8fb6-047922582e03:16,,,,,,,pending,
train,train-0890,"Okay. Great. Could you give me the phone number for Mikuni, please?",taskmaster1_woz_user_real,dlg-957dde40-fdd5-4ee4-9b12-385288808a27,dlg-957dde40-fdd5-4ee4-9b12-385288808a27:18,,,,,,,pending,
train,train-0891,Great. Do you know if parts auto is open past 10:00 10:00 at night?,taskmaster1_woz_user_real,dlg-5eb7650b-4ff0-4b5b-ae65-fa2b32248856,dlg-5eb7650b-4ff0-4b5b-ae65-fa2b32248856:16,,,,,,,pending,
train,train-0892,"All right. That sounds great. Yes, please.",taskmaster1_woz_user_real,dlg-f3cfa591-3256-4e14-b5dc-5af9acfceec8,dlg-f3cfa591-3256-4e14-b5dc-5af9acfceec8:20,,,,,,,pending,
train,train-0893,"I'm wonderful. I need to I need to get picked up from the LAX airport, the Uber please, to be taken to the nearest mall.",taskmaster1_woz_user_real,dlg-8be40319-6c6b-4843-8343-e8874bd88059,dlg-8be40319-6c6b-4843-8343-e8874bd88059:3,,,,,,,pending,
train,train-0894,Fantastic. What was the next option that I have to eat?,taskmaster1_woz_user_real,dlg-a62b0dfd-37cc-4d39-bf0b-37fe82388755,dlg-a62b0dfd-37cc-4d39-bf0b-37fe82388755:24,,,,,,,pending,
train,train-0895,"Great. Okay, great. Three tickets, right? Okay, great.",taskmaster1_woz_user_real,dlg-a2cad493-3b29-4f3d-a09d-0c643cdb4c53,dlg-a2cad493-3b29-4f3d-a09d-0c643cdb4c53:19,,,,,,,pending,
train,train-0896,"That's awesome. One last question, is since I don't know what I want to eat at Straw, is there a cancellation fee if I decide to cancel later today?",taskmaster1_woz_user_real,dlg-77369153-3f0f-4cc8-9d27-d52013cbcefe,dlg-77369153-3f0f-4cc8-9d27-d52013cbcefe:23,,,,,,,pending,
train,train-0897,"That sounds great. Can I purchase that through you, or do I have to wait till I get to the theater?",taskmaster1_woz_user_real,dlg-df0c1691-b097-4865-ba77-2c063ba4ee3a,dlg-df0c1691-b097-4865-ba77-2c063ba4ee3a:18,,,,,,,pending,
train,train-0898,Aquaman sounds great. Why don't you go ahead and get me a ticket for two?,taskmaster1_woz_user_real,dlg-4b186ac2-f090-4b7d-b89d-4e5d14a8ff30,dlg-4b186ac2-f090-4b7d-b89d-4e5d14a8ff30:17,,,,,,,pending,
train,train-0899,"Okay, fantastic. Can you tell me if Denny's serves ribs?",taskmaster1_woz_user_real,dlg-acbebfb8-b8b9-46e6-a0f0-c95ab4900c6e,dlg-acbebfb8-b8b9-46e6-a0f0-c95ab4900c6e:14,,,,,,,pending,
train,train-0900,"Okay, great. Does it offer a menu online that I can look at?",taskmaster1_woz_user_real,dlg-115129d8-133a-4651-9bc3-3993b7804d4e,dlg-115129d8-133a-4651-9bc3-3993b7804d4e:13,,,,,,,pending,
train,train-0901,"Oh, Mary Poppins Returns sound wonderful. Can we get two tickets for that?",taskmaster1_woz_user_real,dlg-c5e313df-809f-4477-a9c1-491bf0d7242c,dlg-c5e313df-809f-4477-a9c1-491bf0d7242c:8,,,,,,,pending,
train,train-0902,"Okay, great. Is there a third option?",taskmaster1_woz_user_real,dlg-db4e7ec9-6700-4264-9805-ab91a01cf702,dlg-db4e7ec9-6700-4264-9805-ab91a01cf702:15,,,,,,,pending,
train,train-0903,"Fantastic. What was the In Olive Garden, does Olive Garden serve craft beer, and is it considered a family option?",taskmaster1_woz_user_real,dlg-a62b0dfd-37cc-4d39-bf0b-37fe82388755,dlg-a62b0dfd-37cc-4d39-bf0b-37fe82388755:28,,,,,,,pending,
train,train-0904,"Great. Thank Yeah, can you tell me who directed this movie?",taskmaster1_woz_user_real,dlg-449eb122-ae05-4fda-b5e4-2dd66714436f,dlg-449eb122-ae05-4fda-b5e4-2dd66714436f:24,,,,,,,pending,
train,train-0905,"Okay, well Garaje sounds great then. Do they have What kind of Mexican food is this? Like traditional Mexico Mexican or Baja or California or Tex-Mex?",taskmaster1_woz_user_real,dlg-ec497985-a477-4438-bf53-dd86eb5558cd,dlg-ec497985-a477-4438-bf53-dd86eb5558cd:12,,,,,,,pending,
train,train-0906,I'm doing great. How are you doing?,taskmaster1_woz_user_real,dlg-e9719e3a-06c4-4412-a695-fe0f8ba2ca72,dlg-e9719e3a-06c4-4412-a695-fe0f8ba2ca72:1,,,,,,,pending,
train,train-0907,Great. Can you tell me who stars in the film?,taskmaster1_woz_user_real,dlg-9ea62298-9ab4-4d02-952b-f9b45b0652c2,dlg-9ea62298-9ab4-4d02-952b-f9b45b0652c2:14,,,,,,,pending,
train,train-0908,Awesome. Could you book that for me?,taskmaster1_woz_user_real,dlg-042cccb2-f514-4911-a991-68458b7fd592,dlg-042cccb2-f514-4911-a991-68458b7fd592:21,,,,,,,pending,
train,train-0909,Could I have some whipped cream on top? That'd be great.,taskmaster1_woz_user_real,dlg-df0dadf9-174c-4c12-93e1-83d97b3572b5,dlg-df0dadf9-174c-4c12-93e1-83d97b3572b5:10,,,,,,,pending,
train,train-0910,"Yeah, that's awesome. Now, with the first one, do they take American Express?",taskmaster1_woz_user_real,dlg-1ab38d60-3126-427a-a5d1-c37051084a37,dlg-1ab38d60-3126-427a-a5d1-c37051084a37:15,,,,,,,pending,
train,train-0911,"Hi, I'm pretty great. Getting a little hungry, so I'm looking to order some pizza from Bella Luna. Can you help?",taskmaster1_woz_user_real,dlg-5cfd076f-c536-4079-9e44-87a085f5f1c6,dlg-5cfd076f-c536-4079-9e44-87a085f5f1c6:1,,,,,,,pending,
train,train-0912,Fantastic. What are those restaurants like? What do they serve?,taskmaster1_woz_user_real,dlg-a62b0dfd-37cc-4d39-bf0b-37fe82388755,dlg-a62b0dfd-37cc-4d39-bf0b-37fe82388755:17,,,,,,,pending,
train,train-0913,Great. Is that going to be as soon as possible?,taskmaster1_woz_user_real,dlg-59b9037e-6527-4bef-b311-562b5ef63d89,dlg-59b9037e-6527-4bef-b311-562b5ef63d89:22,,,,,,,pending,
train,train-0914,Great. Can you tell me who directed the movie?,taskmaster1_woz_user_real,dlg-28ee7a01-c471-4b4c-9b71-22c4c352aef1,dlg-28ee7a01-c471-4b4c-9b71-22c4c352aef1:19,,,,,,,pending,
train,train-0915,Great. And the A16 do they have autositting?,taskmaster1_woz_user_real,dlg-a71de742-eb0b-4c8d-9808-16559910d6ad,dlg-a71de742-eb0b-4c8d-9808-16559910d6ad:14,,,,,,,pending,
train,train-0916,"I'm wonderful, I'd like to order four small pizzas from Bella Luna, please.",taskmaster1_woz_user_real,dlg-314b1190-365c-4fd4-bd14-5b029963e233,dlg-314b1190-365c-4fd4-bd14-5b029963e233:3,,,,,,,pending,
train,train-0917,"And how long Okay, great. And the What's the estimation of the trip, how long it'll take?",taskmaster1_woz_user_real,dlg-2d7cf943-318f-4739-b0e7-b836d702c807,dlg-2d7cf943-318f-4739-b0e7-b836d702c807:24,,,,,,,pending,
train,train-0918,Great. Can you give me the phone number for Waterboy?,taskmaster1_woz_user_real,dlg-127b101e-da1b-467f-a6bb-0ec6b4290062,dlg-127b101e-da1b-467f-a6bb-0ec6b4290062:25,,,,,,,pending,
train,train-0919,"Great. Can you tell me the type of cuisine they serve, and can you tell me if they offer a dessert menu, please?",taskmaster1_woz_user_real,dlg-2295480e-a58b-4e34-ac22-f207c39b1f44,dlg-2295480e-a58b-4e34-ac22-f207c39b1f44:9,,,,,,,pending,
train,train-0920,Do they have great barbecue ribs?,taskmaster1_woz_user_real,dlg-584e5b83-1ea6-4b29-8113-98f67a2fd270,dlg-584e5b83-1ea6-4b29-8113-98f67a2fd270:16,,,,,,,pending,
train,train-0921,"That's correct. That will be all. I'd have be ready to place that right now, please. Thank you. Sounds great. That sounds great. Thank you so much. Thank you.",taskmaster1_woz_user_real,dlg-a21acb08-99bd-4e6f-a386-f30785fe6a0a,dlg-a21acb08-99bd-4e6f-a386-f30785fe6a0a:10,,,,,,,pending,
train,train-0922,"I'm wonderful. I need to get picked up from Greenwood Mall, please.",taskmaster1_woz_user_real,dlg-3ecb783d-c211-46a3-a3b1-04cf07d20093,dlg-3ecb783d-c211-46a3-a3b1-04cf07d20093:3,,,,,,,pending,
train,train-0923,"I'm wonderful. I would like to see I would like to see a movie in New York today. Can you tell me give me three options of what are good options to watch, please?",taskmaster1_woz_user_real,dlg-1dca2ff1-2af0-4f19-8e3f-4910f274f0ce,dlg-1dca2ff1-2af0-4f19-8e3f-4910f274f0ce:1,,,,,,,pending,
train,train-0924,"Oh okay, awesome. Awesome. So I'm going to choose the second restaurant, please.",taskmaster1_woz_user_real,dlg-21628cdc-5d50-46df-9858-2f7a85a506ed,dlg-21628cdc-5d50-46df-9858-2f7a85a506ed:11,,,,,,,pending,
train,train-0925,"Awesome. Okay, and what were the other two options?",taskmaster1_woz_user_real,dlg-ef472b88-f2f3-4bbb-b5d5-1fb1ce5f7503,dlg-ef472b88-f2f3-4bbb-b5d5-1fb1ce5f7503:17,,,,,,,pending,
train,train-0926,Great. And how long is the estimated travel time?,taskmaster1_woz_user_real,dlg-7a17c121-6d39-420c-8d80-646bebbf8a09,dlg-7a17c121-6d39-420c-8d80-646bebbf8a09:11,,,,,,,pending,
train,train-0927,"Okay. Those really sound great. But let's try Izakaya. Could you see if they have a reservation for Saturday night, party of two, 8:00?",taskmaster1_woz_user_real,dlg-b958bd0e-7bf6-45e0-8707-55b8a9d41060,dlg-b958bd0e-7bf6-45e0-8707-55b8a9d41060:17,,,,,,,pending,
train,train-0928,"Great. Now, I'm wondering out of those which one has the best ambience musical entertainment, and I'm also looking for reasonable prices.",taskmaster1_woz_user_real,dlg-db4e7ec9-6700-4264-9805-ab91a01cf702,dlg-db4e7ec9-6700-4264-9805-ab91a01cf702:19,,,,,,,pending,
train,train-0929,How about A Dog's Way Home? Is that playing at the AMC? Bumblebee? That's great.,taskmaster1_woz_user_real,dlg-55f7277e-4aa4-4b52-95fc-8bebc267326e,dlg-55f7277e-4aa4-4b52-95fc-8bebc267326e:10,,,,,,,pending,
train,train-0930,"Great. And meanwhile book me for Monday, please.",taskmaster1_woz_user_real,dlg-576751fb-3bd7-4c8c-8323-0cc397e0d1c6,dlg-576751fb-3bd7-4c8c-8323-0cc397e0d1c6:21,,,,,,,pending,
train,train-0931,Yeah. That'd be great. There You said there was a four something. How about that one?,taskmaster1_woz_user_real,dlg-1fe60f60-9cc6-4af7-87be-c353f8a25f90,dlg-1fe60f60-9cc6-4af7-87be-c353f8a25f90:13,,,,,,,pending,
train,train-0932,"All right, great. And how about how long is the trip from the museum to the restaurant?",taskmaster1_woz_user_real,dlg-3a5b2bb8-0003-4598-94bc-4dd16db8f231,dlg-3a5b2bb8-0003-4598-94bc-4dd16db8f231:14,,,,,,,pending,
train,train-0933,"Okay. I I think I'd like to go to Pier 39, so Fog Harbor sounds great. Could you see if they have a reservation for Friday night at 8:30, party of two?",taskmaster1_woz_user_real,dlg-6db77e69-ae22-4cfa-85b8-f67a54736077,dlg-6db77e69-ae22-4cfa-85b8-f67a54736077:15,,,,,,,pending,
train,train-0934,Great. And what about Seven Hills? How is their wine list? What can you tell me about it?,taskmaster1_woz_user_real,dlg-7bfbfaa9-7fac-44a3-99fa-a12181726a17,dlg-7bfbfaa9-7fac-44a3-99fa-a12181726a17:13,,,,,,,pending,
train,train-0935,"Great, can you answer me a question who directed who directed the movie? Great. Great. Thank you for that information.",taskmaster1_woz_user_real,dlg-aa8fe65c-32d5-40a2-8e7b-f5977e225c7d,dlg-aa8fe65c-32d5-40a2-8e7b-f5977e225c7d:9,,,,,,,pending,
train,train-0936,Fantastic. What's the estimated duration of the trip?,taskmaster1_woz_user_real,dlg-3ecb783d-c211-46a3-a3b1-04cf07d20093,dlg-3ecb783d-c211-46a3-a3b1-04cf07d20093:21,,,,,,,pending,
train,train-0937,Great. Can you get me that contact info for Nashiki?,taskmaster1_woz_user_real,dlg-0a89ce07-16d6-437c-a1d9-50e8c4746e97,dlg-0a89ce07-16d6-437c-a1d9-50e8c4746e97:23,,,,,,,pending,
train,train-0938,Great. Can you please book that restaurant?,taskmaster1_woz_user_real,dlg-23fa7669-dfb9-42e8-943f-ab7f486348fc,dlg-23fa7669-dfb9-42e8-943f-ab7f486348fc:18,,,,,,,pending,
train,train-0939,"Awesome, I appreciate your help today and booking the single ride. Thank you. Bye-bye.",taskmaster1_woz_user_real,dlg-4972e9d4-0d89-45e1-8471-bdc9ce0552c3,dlg-4972e9d4-0d89-45e1-8471-bdc9ce0552c3:15,,,,,,,pending,
train,train-0940,"Okay, that'll be great. Thank you very much.",taskmaster1_woz_user_real,dlg-fdeee8e6-1205-4753-835b-a28927fb167d,dlg-fdeee8e6-1205-4753-835b-a28927fb167d:43,,,,,,,pending,
train,train-0941,"No, that sounds great.",taskmaster1_woz_user_real,dlg-46ff10aa-7d5e-48a3-a51f-64640457d009,dlg-46ff10aa-7d5e-48a3-a51f-64640457d009:7,,,,,,,pending,
train,train-0942,Great. Thank you very much for your help.,taskmaster1_woz_user_real,dlg-aa20ef36-0c6e-4894-8b7b-2c26177aad45,dlg-aa20ef36-0c6e-4894-8b7b-2c26177aad45:13,,,,,,,pending,
train,train-0943,"Great, I appreciate your help. That's it.",taskmaster1_woz_user_real,dlg-82745b4c-b8f0-4c18-a9fc-4fbc06928fa8,dlg-82745b4c-b8f0-4c18-a9fc-4fbc06928fa8:26,,,,,,,pending,
train,train-0944,Okay. Great. Terrific. It's fine.,taskmaster1_woz_user_real,dlg-a7d9b04e-e0b9-4ec5-abfc-2c6882e5e5ae,dlg-a7d9b04e-e0b9-4ec5-abfc-2c6882e5e5ae:7,,,,,,,pending,
train,train-0945,"Yeah, that's awesome. Go ahead and order.",taskmaster1_woz_user_real,dlg-c77c623d-785f-4d83-994d-82ea4033f5de,dlg-c77c623d-785f-4d83-994d-82ea4033f5de:11,,,,,,,pending,
train,train-0946,"Okay, that sounds great. Thank you so much for your help. I appreciate it.",taskmaster1_woz_user_real,dlg-51fcfba6-a928-407e-bccc-9f212a051833,dlg-51fcfba6-a928-407e-bccc-9f212a051833:18,,,,,,,pending,
train,train-0947,Fantastic. I'll take a Greek-style pizza as well.,taskmaster1_woz_user_real,dlg-418f513c-4f1c-40d9-a135-0a9125777f5f,dlg-418f513c-4f1c-40d9-a135-0a9125777f5f:13,,,,,,,pending,
train,train-0948,"Great, thank you very much.",taskmaster1_woz_user_real,dlg-e02fd308-b96c-49ca-b793-c635d2ae1810,dlg-e02fd308-b96c-49ca-b793-c635d2ae1810:16,,,,,,,pending,
train,train-0949,"Awesome. Thank you. Aw, you too.",taskmaster1_woz_user_real,dlg-801408df-0245-40b1-b0ba-ed83cc9120d1,dlg-801408df-0245-40b1-b0ba-ed83cc9120d1:16,,,,,,,pending,
train,train-0950,"Definitely, we should try that one.",taskmaster1_woz_user_real,dlg-01d37c66-fd00-47e1-a74f-b5416ee96ebe,dlg-01d37c66-fd00-47e1-a74f-b5416ee96ebe:17,,,,,,,pending,
train,train-0951,That's great. Thank you so much for your help.,taskmaster1_woz_user_real,dlg-52ce3d4b-0d20-4fb0-b035-02ccc94967d2,dlg-52ce3d4b-0d20-4fb0-b035-02ccc94967d2:21,,,,,,,pending,
train,train-0952,"Sounds fantastic, thank you.",taskmaster1_woz_user_real,dlg-272c04e5-a836-44e5-97ae-29334835f111,dlg-272c04e5-a836-44e5-97ae-29334835f111:16,,,,,,,pending,
train,train-0953,That sounds great. I need it for tonight at 9:00 pm.,taskmaster1_woz_user_real,dlg-51fcfba6-a928-407e-bccc-9f212a051833,dlg-51fcfba6-a928-407e-bccc-9f212a051833:14,,,,,,,pending,
train,train-0954,Have a great day.,taskmaster1_woz_user_real,dlg-a604edb5-07d1-45a3-a947-46ff0cec48af,dlg-a604edb5-07d1-45a3-a947-46ff0cec48af:23,,,,,,,pending,
train,train-0955,"Great. No, that's it.",taskmaster1_woz_user_real,dlg-ac76780b-d6a7-40d1-ae90-3112b3c8fc20,dlg-ac76780b-d6a7-40d1-ae90-3112b3c8fc20:13,,,,,,,pending,
train,train-0956,"Great, let's do thick crust for all three.",taskmaster1_woz_user_real,dlg-9ecb62c6-b467-488f-ab6f-981b14fa7694,dlg-9ecb62c6-b467-488f-ab6f-981b14fa7694:10,,,,,,,pending,
train,train-0957,"Yes, that be great.",taskmaster1_woz_user_real,dlg-cb2fb9c8-e171-44a7-87b0-f6b205f442c1,dlg-cb2fb9c8-e171-44a7-87b0-f6b205f442c1:15,,,,,,,pending,
train,train-0958,All right. Awesome. Thank you.,taskmaster1_woz_user_real,dlg-596459bf-bb33-442c-96c6-f5e6d0e6f94d,dlg-596459bf-bb33-442c-96c6-f5e6d0e6f94d:15,,,,,,,pending,
train,train-0959,That is absolutely correct.,taskmaster1_woz_user_real,dlg-029a475a-7753-45fc-bee7-f0c00f18ec5b,dlg-029a475a-7753-45fc-bee7-f0c00f18ec5b:9,,,,,,,pending,
train,train-0960,"Awesome. No. Thank you so much, though. You, too. Thanks.",taskmaster1_woz_user_real,dlg-a20e5b3d-ba77-4568-ae1d-33cd26868c64,dlg-a20e5b3d-ba77-4568-ae1d-33cd26868c64:16,,,,,,,pending,
train,train-0961,Great. Thank you for your help.,taskmaster1_woz_user_real,dlg-e5c22e42-a7f1-435b-aed5-a5f78963c2cf,dlg-e5c22e42-a7f1-435b-aed5-a5f78963c2cf:32,,,,,,,pending,
train,train-0962,Awesome. Thanks for your help.,taskmaster1_woz_user_real,dlg-0ca0a6aa-8715-4998-b049-cdc0944c2711,dlg-0ca0a6aa-8715-4998-b049-cdc0944c2711:15,,,,,,,pending,
train,train-0963,"Fantastic. I'll take one medium, thin crust, Chicago-style pizza.",taskmaster1_woz_user_real,dlg-e5fb5bb8-199b-448b-b320-a2bc82d470a3,dlg-e5fb5bb8-199b-448b-b320-a2bc82d470a3:5,,,,,,,pending,
train,train-0964,"When I'm turning it, it makes a it makes a noise. So, whenever I just, you know, whenever left/right, however I go, when I turn, it it makes a an awful sound.",taskmaster1_woz_user_real,dlg-ca6e8e50-99d5-4877-a9f3-e04ad9c23bc4,dlg-ca6e8e50-99d5-4877-a9f3-e04ad9c23bc4:10,,,,,,,pending,
train,train-0965,Awesome. That's all I needed. Thank you.,taskmaster1_woz_user_real,dlg-2faa710f-6c21-4f43-8b04-f2c7a3886ad7,dlg-2faa710f-6c21-4f43-8b04-f2c7a3886ad7:12,,,,,,,pending,
train,train-0966,"Yeah, I would love that. Thanks.",taskmaster1_woz_user_real,dlg-2fcac1dc-7f58-47a6-9496-dffabcad94d0,dlg-2fcac1dc-7f58-47a6-9496-dffabcad94d0:8,,,,,,,pending,
train,train-0967,"All right, great. Thank you.",taskmaster1_woz_user_real,dlg-7f93def5-44eb-441c-9225-0b6f43a0136c,dlg-7f93def5-44eb-441c-9225-0b6f43a0136c:13,,,,,,,pending,
train,train-0968,"Yeah, that'll be awesome.",taskmaster1_woz_user_real,dlg-a39dd4a1-fd91-44ed-997e-3226029389d5,dlg-a39dd4a1-fd91-44ed-997e-3226029389d5:31,,,,,,,pending,
train,train-0969,"Okay, that's great. Thank you so much for your help.",taskmaster1_woz_user_real,dlg-8972f5d5-dc9d-4ba5-8ccf-b3d74801ba2f,dlg-8972f5d5-dc9d-4ba5-8ccf-b3d74801ba2f:20,,,,,,,pending,
train,train-0970,Fantastic. Thank you. Cool.,taskmaster1_woz_user_real,dlg-5b6a7758-bfd9-4fdd-b3e7-77e872f5da15,dlg-5b6a7758-bfd9-4fdd-b3e7-77e872f5da15:14,,,,,,,pending,
train,train-0971,Have a great day. Bye.,taskmaster1_woz_user_real,dlg-b3d1d1b1-db2c-4f63-b8f4-5e450a5e7ab8,dlg-b3d1d1b1-db2c-4f63-b8f4-5e450a5e7ab8:23,,,,,,,pending,
train,train-0972,That's great. Thank you so much. I really look forward to picking those up.,taskmaster1_woz_user_real,dlg-34b66be7-957a-4fc5-b478-72cd39d3feac,dlg-34b66be7-957a-4fc5-b478-72cd39d3feac:20,,,,,,,pending,
train,train-0973,"Hi, yeah. I'd like to find I'd like to find the best restaurant for me in in Sacramento inside the Arden Fair Mall for something to eat. I love I like quick casual restaurant, hamburgers, pizza.",taskmaster1_woz_user_real,dlg-5f4b4114-de27-4c75-90fb-5d4b3b90f251,dlg-5f4b4114-de27-4c75-90fb-5d4b3b90f251:0,,,,,,,pending,
train,train-0974,"Okay, Zaboreo sounds like a great option.",taskmaster1_woz_user_real,dlg-5f4b4114-de27-4c75-90fb-5d4b3b90f251,dlg-5f4b4114-de27-4c75-90fb-5d4b3b90f251:20,,,,,,,pending,
train,train-0975,"Yeah, tomorrow would be great.",taskmaster1_woz_user_real,dlg-762b2221-6e87-4471-91ff-818daa14c25c,dlg-762b2221-6e87-4471-91ff-818daa14c25c:10,,,,,,,pending,
train,train-0976,"Great, thank you. I think that's it. Thank you.",taskmaster1_woz_user_real,dlg-8cdec73e-216f-4470-bc30-395fa7ea9bac,dlg-8cdec73e-216f-4470-bc30-395fa7ea9bac:22,,,,,,,pending,
train,train-0977,"Okay. Awesome. Well, I'm glad that you can help me get this this one on the road, so thank you.",taskmaster1_woz_user_real,dlg-fcafa6fe-888f-4814-a420-39c45589562b,dlg-fcafa6fe-888f-4814-a420-39c45589562b:11,,,,,,,pending,
train,train-0978,Awesome. Pretty quick delivery of that would be good. And I appreciate your help today doing this.,taskmaster1_woz_user_real,dlg-22c0b7e3-7ce8-4943-86ea-8251c3ecd1db,dlg-22c0b7e3-7ce8-4943-86ea-8251c3ecd1db:28,,,,,,,pending,
train,train-0979,"Yes, that would be great.",taskmaster1_woz_user_real,dlg-72b1f304-2e2e-4bcd-9751-b06d0a046599,dlg-72b1f304-2e2e-4bcd-9751-b06d0a046599:9,,,,,,,pending,
train,train-0980,"Alright, you got it. Awesome. Thank you.",taskmaster1_woz_user_real,dlg-9a8ddea9-c497-4b1f-b704-ef444232b0b9,dlg-9a8ddea9-c497-4b1f-b704-ef444232b0b9:45,,,,,,,pending,
train,train-0981,"Great, I appreciate the help.",taskmaster1_woz_user_real,dlg-14dff074-c73b-4d68-a394-d35f3eeb68a7,dlg-14dff074-c73b-4d68-a394-d35f3eeb68a7:13,,,,,,,pending,
train,train-0982,"Men, I love their meats. Let's go for some hot dogs and pizza.",taskmaster1_woz_user_real,dlg-e1e4c900-61e2-4ba2-8772-064ed58273a3,dlg-e1e4c900-61e2-4ba2-8772-064ed58273a3:5,,,,,,,pending,
train,train-0983,That would be great if you could lock that down.,taskmaster1_woz_user_real,dlg-5fc7d576-9cb0-4502-82a7-fb16e42b7253,dlg-5fc7d576-9cb0-4502-82a7-fb16e42b7253:15,,,,,,,pending,
train,train-0984,Awesome. Thank you so much.,taskmaster1_woz_user_real,dlg-87aef266-6ce0-4ed4-8ebe-e0a698fb1726,dlg-87aef266-6ce0-4ed4-8ebe-e0a698fb1726:15,,,,,,,pending,
train,train-0985,Great. I need two tickets.,taskmaster1_woz_user_real,dlg-b0d43f1a-2c5d-415c-8d96-66f1f75e25f6,dlg-b0d43f1a-2c5d-415c-8d96-66f1f75e25f6:15,,,,,,,pending,
train,train-0986,Great. Thank you so much for your help. I really appreciate it.,taskmaster1_woz_user_real,dlg-4a9156cc-3554-40cb-bbe0-c66b3d5f36e9,dlg-4a9156cc-3554-40cb-bbe0-c66b3d5f36e9:18,,,,,,,pending,
train,train-0987,Perfect. Thank you so much. Awesome. Love it. Thank you.,taskmaster1_woz_user_real,dlg-9fb1cfad-b3fe-4013-a61a-4ff946717a75,dlg-9fb1cfad-b3fe-4013-a61a-4ff946717a75:12,,,,,,,pending,
train,train-0988,"Yes, that will be great.",taskmaster1_woz_user_real,dlg-19d1d5d6-897a-4be3-9d6b-3ae0158eb293,dlg-19d1d5d6-897a-4be3-9d6b-3ae0158eb293:14,,,,,,,pending,
train,train-0989,Great. Thank you so much for your help today.,taskmaster1_woz_user_real,dlg-6b93c399-9010-43eb-9b70-5c055d6c2587,dlg-6b93c399-9010-43eb-9b70-5c055d6c2587:23,,,,,,,pending,
train,train-0990,"Thank you, that sounds great.",taskmaster1_woz_user_real,dlg-48120991-e9b6-4c5a-bf97-f6153d1c0262,dlg-48120991-e9b6-4c5a-bf97-f6153d1c0262:106,,,,,,,pending,
train,train-0991,"Yeah, that'd be great.",taskmaster1_woz_user_real,dlg-9288a236-3c3f-4b0b-9c05-1b8ab9da01d9,dlg-9288a236-3c3f-4b0b-9c05-1b8ab9da01d9:11,,,,,,,pending,
train,train-0992,Awesome. Thank you for looking that up. Have a great day.,taskmaster1_woz_user_real,dlg-9b7ecbf5-e72b-4871-9921-7e7e6f02a464,dlg-9b7ecbf5-e72b-4871-9921-7e7e6f02a464:19,,,,,,,pending,
train,train-0993,"Awesome, thank you for your help today. I appreciate it. Have a great rest of your day.",taskmaster1_woz_user_real,dlg-c70841ae-f3d0-478f-8056-b4e66f1445a1,dlg-c70841ae-f3d0-478f-8056-b4e66f1445a1:14,,,,,,,pending,
train,train-0994,earlier that'd be great.,taskmaster1_woz_user_real,dlg-14256248-f44b-4e0f-bd3d-0689a691294d,dlg-14256248-f44b-4e0f-bd3d-0689a691294d:20,,,,,,,pending,
train,train-0995,"Fantastic. No, that's fine. I got that, thank you.",taskmaster1_woz_user_real,dlg-584e5b83-1ea6-4b29-8113-98f67a2fd270,dlg-584e5b83-1ea6-4b29-8113-98f67a2fd270:20,,,,,,,pending,
train,train-0996,"All right, sounds great.",taskmaster1_woz_user_real,dlg-19359cea-9ed3-479e-ba39-a100e358f0fd,dlg-19359cea-9ed3-479e-ba39-a100e358f0fd:12,,,,,,,pending,
train,train-0997,"Great, thank you. That will be it for me.",taskmaster1_woz_user_real,dlg-359fe09c-f301-4e1f-9240-0f27642b6e78,dlg-359fe09c-f301-4e1f-9240-0f27642b6e78:36,,,,,,,pending,
train,train-0998,Great. Yeah. That'll work.,taskmaster1_woz_user_real,dlg-da5a036c-d447-4693-8f26-e88ffd58963b,dlg-da5a036c-d447-4693-8f26-e88ffd58963b:24,,,,,,,pending,
train,train-0999,"Oh, well that's great.",taskmaster1_woz_user_real,dlg-d3a78be5-16c6-4ec2-8e8d-7ae36e63cee9,dlg-d3a78be5-16c6-4ec2-8e8d-7ae36e63cee9:14,,,,,,,pending,
train,train-1000,"Great. No, I think that's going to be it.",taskmaster1_woz_user_real,dlg-16a2a594-f650-4e7e-971c-50faafedbdbd,dlg-16a2a594-f650-4e7e-971c-50faafedbdbd:5,,,,,,,pending,
train,train-1001,"Great, we'll be there.",taskmaster1_woz_user_real,dlg-754ab8ac-a75b-4665-ae23-e6c903d240e0,dlg-754ab8ac-a75b-4665-ae23-e6c903d240e0:20,,,,,,,pending,
train,train-1002,"Great, thank you. Goodbye.",taskmaster1_woz_user_real,dlg-5099c5a9-a7ce-4fba-8382-8b9d86a8c81f,dlg-5099c5a9-a7ce-4fba-8382-8b9d86a8c81f:14,,,,,,,pending,
train,train-1003,Okay. Does California Pizza Kitchen have alcohol?,taskmaster1_woz_user_real,dlg-b61f47a3-33fd-4bff-99a7-c3b07694298d,dlg-b61f47a3-33fd-4bff-99a7-c3b07694298d:13,,,,,,,pending,
train,train-1004,What are their medium sizes?,taskmaster1_woz_user_real,dlg-c92d0a72-7c83-45c7-b2b0-d915fcd52ba5,dlg-c92d0a72-7c83-45c7-b2b0-d915fcd52ba5:8,,,,,,,pending,
train,train-1005,"Hi. Can you help me book a movie, please?",taskmaster1_woz_user_real,dlg-60337ea1-8e53-454b-8cda-d9b7e289662d,dlg-60337ea1-8e53-454b-8cda-d9b7e289662d:1,,,,,,,pending,
train,train-1006,Which one is the biggest?,taskmaster1_woz_user_real,dlg-f7757b8e-9add-4f23-9e30-b5c1c6222483,dlg-f7757b8e-9add-4f23-9e30-b5c1c6222483:13,,,,,,,pending,
train,train-1007,Could you give me their phone number?,taskmaster1_woz_user_real,dlg-e3ed7ae5-841b-47b6-98f0-4def96a6f5b8,dlg-e3ed7ae5-841b-47b6-98f0-4def96a6f5b8:94,,,,,,,pending,
train,train-1008,Can you send those directions to my phone?,taskmaster1_woz_user_real,dlg-fc243840-6fd5-4bb4-b4a6-3870195caa13,dlg-fc243840-6fd5-4bb4-b4a6-3870195caa13:32,,,,,,,pending,
train,train-1009,Which one is closest to Market Street?,taskmaster1_woz_user_real,dlg-f7757b8e-9add-4f23-9e30-b5c1c6222483,dlg-f7757b8e-9add-4f23-9e30-b5c1c6222483:11,,,,,,,pending,
train,train-1010,"Can we get Which would be cheaper, the XL or three shared or pool Ubers?",taskmaster1_woz_user_real,dlg-e41aa4cb-db7b-4f00-9b07-f2a32137dc01,dlg-e41aa4cb-db7b-4f00-9b07-f2a32137dc01:3,,,,,,,pending,
train,train-1011,Okay. Does any of them serve burgers?,taskmaster1_woz_user_real,dlg-656650a9-ac06-4c8b-adc8-d075ae0d3406,dlg-656650a9-ac06-4c8b-adc8-d075ae0d3406:12,,,,,,,pending,
train,train-1012,Can I have a small cheese pizza with pepperoni and a thin crust?,taskmaster1_woz_user_real,dlg-41749ebf-d293-4e55-8bc0-558e432d437c,dlg-41749ebf-d293-4e55-8bc0-558e432d437c:16,,,,,,,pending,
train,train-1013,Do they still have the chicken curry pizza?,taskmaster1_woz_user_real,dlg-f29ab9f8-5f74-45e8-9582-1711dd9fb2e6,dlg-f29ab9f8-5f74-45e8-9582-1711dd9fb2e6:16,,,,,,,pending,
train,train-1014,You said Jack Dempsy's is okay? Yeah.,taskmaster1_woz_user_real,dlg-af90c464-91e9-41c6-8781-4ec4783e42d1,dlg-af90c464-91e9-41c6-8781-4ec4783e42d1:15,,,,,,,pending,
train,train-1015,"Hi, I'm in San Francisco, California, and I need help booking a reservation for somewhere to eat, please.",taskmaster1_woz_user_real,dlg-8970da9f-ecbf-42c2-a415-27adc09eda08,dlg-8970da9f-ecbf-42c2-a415-27adc09eda08:1,,,,,,,pending,
train,train-1016,What times do you have?,taskmaster1_woz_user_real,dlg-c97be71a-aa8f-4bc3-8551-e30712e141c4,dlg-c97be71a-aa8f-4bc3-8551-e30712e141c4:13,,,,,,,pending,
train,train-1017,How about an Italian restaurant?,taskmaster1_woz_user_real,dlg-91ef58ab-166e-41d2-acde-c35458e3d7c8,dlg-91ef58ab-166e-41d2-acde-c35458e3d7c8:5,,,,,,,pending,
train,train-1018,Hi. Could you help me find a movie to go see and book tickets for it?,taskmaster1_woz_user_real,dlg-e1c2c241-e039-4333-b05b-7728d696de3c,dlg-e1c2c241-e039-4333-b05b-7728d696de3c:1,,,,,,,pending,
train,train-1019,"Okay. And for the second question, do they have pasta on the menu for the second restaurant?",taskmaster1_woz_user_real,dlg-d24be218-96aa-4580-9809-2942c1c41634,dlg-d24be218-96aa-4580-9809-2942c1c41634:18,,,,,,,pending,
train,train-1020,"Can you add extra mushrooms with that too, please?",taskmaster1_woz_user_real,dlg-2211c9a2-0b89-4ee5-b9f8-2ab2ba786ba2,dlg-2211c9a2-0b89-4ee5-b9f8-2ab2ba786ba2:8,,,,,,,pending,
train,train-1021,Hey. How's it going? Have you ever heard of a movie called Captive State?,taskmaster1_woz_user_real,dlg-156482a5-82fc-417b-88e2-dd2580dd9b02,dlg-156482a5-82fc-417b-88e2-dd2580dd9b02:1,,,,,,,pending,
train,train-1022,Hi. I was wondering if you could help me make an appointment to a car repair shop named Intelligent Auto Imports.,taskmaster1_woz_user_real,dlg-1379537e-0363-43e1-8a11-6d16253dd816,dlg-1379537e-0363-43e1-8a11-6d16253dd816:1,,,,,,,pending,
train,train-1023,"Well, can you just put Yeah, why don't you just put extra spicy.",taskmaster1_woz_user_real,dlg-d0de2faa-abde-4965-98ac-d41fc88696fd,dlg-d0de2faa-abde-4965-98ac-d41fc88696fd:8,,,,,,,pending,
train,train-1024,All right. How long until the driver gets here?,taskmaster1_woz_user_real,dlg-e9e496e9-bb91-43c3-b8c2-2306a96a1629,dlg-e9e496e9-bb91-43c3-b8c2-2306a96a1629:19,,,,,,,pending,
train,train-1025,Where are some restaurants that are near me in San Francisco?,taskmaster1_woz_user_real,dlg-dcecd6f4-ecd9-4094-9d4e-e0520271bda3,dlg-dcecd6f4-ecd9-4094-9d4e-e0520271bda3:7,,,,,,,pending,
train,train-1026,Does the first one serve macaroni and cheese?,taskmaster1_woz_user_real,dlg-81896017-6ba2-4527-b588-0244252a5767,dlg-81896017-6ba2-4527-b588-0244252a5767:17,,,,,,,pending,
train,train-1027,Does the first choice have a Is it near a public transportation?,taskmaster1_woz_user_real,dlg-701d5a7d-12ac-4445-9f5b-6b7ee74f1dd8,dlg-701d5a7d-12ac-4445-9f5b-6b7ee74f1dd8:9,,,,,,,pending,
train,train-1028,"Just get me reservation for that restaurant and I need the phone number of the restaurant, please.",taskmaster1_woz_user_real,dlg-e8757d30-786b-45bc-9ce3-b5a63bff9729,dlg-e8757d30-786b-45bc-9ce3-b5a63bff9729:19,,,,,,,pending,
train,train-1029,Does Buckhorn serve mac and cheese?,taskmaster1_woz_user_real,dlg-cd443d4a-4c96-4a8a-8056-d67b86b14dda,dlg-cd443d4a-4c96-4a8a-8056-d67b86b14dda:15,,,,,,,pending,
train,train-1030,Do they have outdoor seating?,taskmaster1_woz_user_real,dlg-d9fad492-ba03-4268-8e40-111ffc7d5ddd,dlg-d9fad492-ba03-4268-8e40-111ffc7d5ddd:13,,,,,,,pending,
train,train-1031,What type of rides are available?,taskmaster1_woz_user_real,dlg-ad9caa2e-c6f6-4921-bc9f-9842dc2b6cb8,dlg-ad9caa2e-c6f6-4921-bc9f-9842dc2b6cb8:10,,,,,,,pending,
train,train-1032,"Alright. So, how long is this going to take?",taskmaster1_woz_user_real,dlg-548e06d1-41d2-407b-97f3-2a0513d083a0,dlg-548e06d1-41d2-407b-97f3-2a0513d083a0:18,,,,,,,pending,
train,train-1033,Does this place have happy hour?,taskmaster1_woz_user_real,dlg-268d09b7-3fd3-497b-98fc-e714702cea8d,dlg-268d09b7-3fd3-497b-98fc-e714702cea8d:13,,,,,,,pending,
train,train-1034,Can I order three pizzas from Bella Luna?,taskmaster1_woz_user_real,dlg-16b9b315-a66f-4712-928c-1c1e07f14d72,dlg-16b9b315-a66f-4712-928c-1c1e07f14d72:1,,,,,,,pending,
train,train-1035,What is an estimate of the fare?,taskmaster1_woz_user_real,dlg-1221e6ad-4f29-4133-bf2b-98b1d9cf238f,dlg-1221e6ad-4f29-4133-bf2b-98b1d9cf238f:15,,,,,,,pending,
train,train-1036,Please pick up from Oakland Airport.,taskmaster1_woz_user_real,dlg-147fa160-33c2-4739-aff2-3b34763c6322,dlg-147fa160-33c2-4739-aff2-3b34763c6322:3,,,,,,,pending,
train,train-1037,Who directed this movie?,taskmaster1_woz_user_real,dlg-046e944e-6720-4bf1-be2e-258b9204eceb,dlg-046e944e-6720-4bf1-be2e-258b9204eceb:15,,,,,,,pending,
train,train-1038,"Oh. How about Whitesburg, Kentucky?",taskmaster1_woz_user_real,dlg-37716a9b-484d-4642-b94c-6d33dc4e200b,dlg-37716a9b-484d-4642-b94c-6d33dc4e200b:13,,,,,,,pending,
train,train-1039,What time is available?,taskmaster1_woz_user_real,dlg-d1666571-1624-49a8-9705-cf182d9cf56f,dlg-d1666571-1624-49a8-9705-cf182d9cf56f:6,,,,,,,pending,
train,train-1040,Is size trenta a 30-oz cup?,taskmaster1_woz_user_real,dlg-671687d5-958b-4cb8-b80a-5b3da1ec465d,dlg-671687d5-958b-4cb8-b80a-5b3da1ec465d:12,,,,,,,pending,
train,train-1041,"I need a vehicle that would accommodate four people, please.",taskmaster1_woz_user_real,dlg-7ef6e666-9b20-4130-b0a0-d71a53ec03fb,dlg-7ef6e666-9b20-4130-b0a0-d71a53ec03fb:10,,,,,,,pending,
train,train-1042,"Hi. I'd like to order some pizzas from Bella Luna's pizzeria, please.",taskmaster1_woz_user_real,dlg-cb28ea7e-3506-4fe6-9db6-a7cabd3c4cd2,dlg-cb28ea7e-3506-4fe6-9db6-a7cabd3c4cd2:1,,,,,,,pending,
train,train-1043,And what will be the fee for inspection?,taskmaster1_woz_user_real,dlg-5a8b05f7-688e-429c-be0d-3e634039ee62,dlg-5a8b05f7-688e-429c-be0d-3e634039ee62:20,,,,,,,pending,
train,train-1044,"Yes, that's fine. You know, I had a question now that I know the details of that ticket. Can you go ahead and tell me who the director is for What Men Want? If you have that information on hand, that would be really helpful.",taskmaster1_woz_user_real,dlg-49e34953-4c65-444c-95a4-9e12597d4636,dlg-49e34953-4c65-444c-95a4-9e12597d4636:18,,,,,,,pending,
train,train-1045,Which one has a better health score?,taskmaster1_woz_user_real,dlg-d3ce136a-62d7-4eb9-b935-2d4ef9f318b3,dlg-d3ce136a-62d7-4eb9-b935-2d4ef9f318b3:15,,,,,,,pending,
train,train-1046,"Before I do, how long is the movie?",taskmaster1_woz_user_real,dlg-d23b6c6a-07c4-444a-b494-08c507370273,dlg-d23b6c6a-07c4-444a-b494-08c507370273:17,,,,,,,pending,
train,train-1047,Does Waterbar have free parking?,taskmaster1_woz_user_real,dlg-6b55cb87-ca15-45bd-88bb-a42278d5e228,dlg-6b55cb87-ca15-45bd-88bb-a42278d5e228:12,,,,,,,pending,
train,train-1048,Are there any other places that serves shawarmas or eros around there?,taskmaster1_woz_user_real,dlg-af73b4dd-3f08-4266-b123-365e317c0263,dlg-af73b4dd-3f08-4266-b123-365e317c0263:9,,,,,,,pending,
train,train-1049,Okay. What kind of desserts to each of them serve?,taskmaster1_woz_user_real,dlg-f2145563-cfd7-4d43-a238-d1feb50ed622,dlg-f2145563-cfd7-4d43-a238-d1feb50ed622:8,,,,,,,pending,
train,train-1050,"Is there a third one, or is that just two?",taskmaster1_woz_user_real,dlg-83f8f38b-343d-4584-bec4-058f04eee41d,dlg-83f8f38b-343d-4584-bec4-058f04eee41d:10,,,,,,,pending,
train,train-1051,"Okay, and the sweep in cash do they take credit cards?",taskmaster1_woz_user_real,dlg-0c0cf48b-cf5c-4a4e-9225-3d32593c43eb,dlg-0c0cf48b-cf5c-4a4e-9225-3d32593c43eb:8,,,,,,,pending,
train,train-1052,Which one has the biggest ratings?,taskmaster1_woz_user_real,dlg-cfc84845-f2e2-4619-8c47-6da0ef5eba7a,dlg-cfc84845-f2e2-4619-8c47-6da0ef5eba7a:5,,,,,,,pending,
train,train-1053,"Pepperoni and anchovies, please.",taskmaster1_woz_user_real,dlg-4bd577b1-06df-4985-80cb-989d88a101a3,dlg-4bd577b1-06df-4985-80cb-989d88a101a3:4,,,,,,,pending,
train,train-1054,"Can we do the 2:00 one, the 2:45 I think you said?",taskmaster1_woz_user_real,dlg-81e974b9-f38e-4d5b-ac1b-0e50be90bfce,dlg-81e974b9-f38e-4d5b-ac1b-0e50be90bfce:9,,,,,,,pending,
train,train-1055,And how long is it going to take?,taskmaster1_woz_user_real,dlg-2d208901-960b-440e-bd87-692be9965bef,dlg-2d208901-960b-440e-bd87-692be9965bef:18,,,,,,,pending,
train,train-1056,Can I get the phone number for Ruby Thai?,taskmaster1_woz_user_real,dlg-2fb46998-6e7e-41c2-8b52-6058a8713dea,dlg-2fb46998-6e7e-41c2-8b52-6058a8713dea:30,,,,,,,pending,
train,train-1057,Does Jack's have a full bar or just beer and wine?,taskmaster1_woz_user_real,dlg-3199b486-f1ab-4946-a439-ef246576f121,dlg-3199b486-f1ab-4946-a439-ef246576f121:11,,,,,,,pending,
train,train-1058,Okay. And do you know the estimated duration of the trip?,taskmaster1_woz_user_real,dlg-de9c6167-67a2-4773-b709-25b71d2c5d18,dlg-de9c6167-67a2-4773-b709-25b71d2c5d18:23,,,,,,,pending,
train,train-1059,Hi. Looking to book a movie theater ticket in the New York City area. Can you help me out?,taskmaster1_woz_user_real,dlg-606412c2-23d1-45bc-ac0b-6b6bc830ceff,dlg-606412c2-23d1-45bc-ac0b-6b6bc830ceff:1,,,,,,,pending,
train,train-1060,"Okay, and which one has the highest I'm sorry. Which one has the biggest menu variety?",taskmaster1_woz_user_real,dlg-4af82905-0bbe-42ab-b92b-ebf46f85fc07,dlg-4af82905-0bbe-42ab-b92b-ebf46f85fc07:9,,,,,,,pending,
train,train-1061,"Hi, I'd like to place an order for a drink a Starbucks for pick up, please.",taskmaster1_woz_user_real,dlg-16a2a594-f650-4e7e-971c-50faafedbdbd,dlg-16a2a594-f650-4e7e-971c-50faafedbdbd:1,,,,,,,pending,
train,train-1062,"Okay. Can I have the phone number for the second place, please?",taskmaster1_woz_user_real,dlg-d079a3f6-7433-48f6-93f9-6a9d446df431,dlg-d079a3f6-7433-48f6-93f9-6a9d446df431:11,,,,,,,pending,
train,train-1063,"Okay, does any of the restaurant have kid soda or a kids drink?",taskmaster1_woz_user_real,dlg-009ab767-5d1d-465b-bcbd-cb81d963b36a,dlg-009ab767-5d1d-465b-bcbd-cb81d963b36a:20,,,,,,,pending,
train,train-1064,"How far the driveway is, and about how long the trip would take?",taskmaster1_woz_user_real,dlg-b3a6c354-7716-404f-a8a4-85021f5bf639,dlg-b3a6c354-7716-404f-a8a4-85021f5bf639:28,,,,,,,pending,
train,train-1065,"I need four pizzas, small. I need them all to be pepperoni, and can I have extra cheese on all of them, please?",taskmaster1_woz_user_real,dlg-546b19b8-212e-40db-8aca-593bfab5e4fb,dlg-546b19b8-212e-40db-8aca-593bfab5e4fb:3,,,,,,,pending,
train,train-1066,What about The Lego Movie 2?,taskmaster1_woz_user_real,dlg-a3519a89-2064-4bbb-8e67-8f6e97a73996,dlg-a3519a89-2064-4bbb-8e67-8f6e97a73996:8,,,,,,,pending,
train,train-1067,That sounds fine. At what time?,taskmaster1_woz_user_real,dlg-49ecaa25-051f-4215-9a3c-bd091345171d,dlg-49ecaa25-051f-4215-9a3c-bd091345171d:6,,,,,,,pending,
train,train-1068,"Okay. Cool. Hey, who stars in the movie, anyway? Who stars in this film?",taskmaster1_woz_user_real,dlg-16f07919-001e-4fa6-8ccb-e88b2db12690,dlg-16f07919-001e-4fa6-8ccb-e88b2db12690:14,,,,,,,pending,
train,train-1069,Perfect. Can I get a table instead of a booth if possible?,taskmaster1_woz_user_real,dlg-43f858e1-0e19-4bb1-9902-f96c596e2c2e,dlg-43f858e1-0e19-4bb1-9902-f96c596e2c2e:24,,,,,,,pending,
train,train-1070,Okay. What's the What's the total?,taskmaster1_woz_user_real,dlg-369f929b-46aa-45f3-bfc1-3e3b17630c1c,dlg-369f929b-46aa-45f3-bfc1-3e3b17630c1c:21,,,,,,,pending,
train,train-1071,Hey. I really need a cup of joe to get my afternoon lull out of the way. Can you help me out?,taskmaster1_woz_user_real,dlg-09a9fd3d-bf0b-4f4e-8fee-8f45714274b6,dlg-09a9fd3d-bf0b-4f4e-8fee-8f45714274b6:1,,,,,,,pending,
train,train-1072,"Yeah, go ahead and book that one for me, please.",taskmaster1_woz_user_real,dlg-51098f8f-2fac-4157-9a2d-244f25a0e6dc,dlg-51098f8f-2fac-4157-9a2d-244f25a0e6dc:20,,,,,,,pending,
train,train-1073,"Okay. On Sandton, do they serve anything with cashews?",taskmaster1_woz_user_real,dlg-368cf120-e8a2-45d2-81a1-38a489b44799,dlg-368cf120-e8a2-45d2-81a1-38a489b44799:15,,,,,,,pending,
train,train-1074,Is that for inspection?,taskmaster1_woz_user_real,dlg-73fb0f87-70d5-4310-ac19-3011336194f9,dlg-73fb0f87-70d5-4310-ac19-3011336194f9:24,,,,,,,pending,
train,train-1075,"Okay. For the Elephant Bar, do they serve like peanuts? Do they have peanuts there?",taskmaster1_woz_user_real,dlg-38d77ea9-0bbe-4e28-8f92-603e1ec0e198,dlg-38d77ea9-0bbe-4e28-8f92-603e1ec0e198:22,,,,,,,pending,
train,train-1076,What is the price range?,taskmaster1_woz_user_real,dlg-7494005c-3173-44ed-a262-e5be7f57a404,dlg-7494005c-3173-44ed-a262-e5be7f57a404:10,,,,,,,pending,
train,train-1077,Who direct the movie?,taskmaster1_woz_user_real,dlg-e1fb80d4-89bc-4d9f-a993-bbd042b59dd3,dlg-e1fb80d4-89bc-4d9f-a993-bbd042b59dd3:6,,,,,,,pending,
train,train-1078,"They serve beer, right?",taskmaster1_woz_user_real,dlg-62e7ed7b-bc67-4caf-9e58-2288d9c02c98,dlg-62e7ed7b-bc67-4caf-9e58-2288d9c02c98:18,,,,,,,pending,
train,train-1079,Can you book me a ticket for The Kid Who Would Be King?,taskmaster1_woz_user_real,dlg-24140559-e217-4adc-b1e8-80cc3b8607a4,dlg-24140559-e217-4adc-b1e8-80cc3b8607a4:1,,,,,,,pending,
train,train-1080,Do you have any other choices that you might be willing to recommend?,taskmaster1_woz_user_real,dlg-4be0beb6-d57a-4903-a7f1-564e028901dc,dlg-4be0beb6-d57a-4903-a7f1-564e028901dc:15,,,,,,,pending,
train,train-1081,How about the 6:45? It'll be two tickets.,taskmaster1_woz_user_real,dlg-85f13c6d-1c47-4a09-ae8b-c3414d481151,dlg-85f13c6d-1c47-4a09-ae8b-c3414d481151:10,,,,,,,pending,
train,train-1082,Hi. Could you help me with finding a sit-down restaurant for dinner in San Francisco?,taskmaster1_woz_user_real,dlg-8c2c274a-ffed-4338-adad-e831581293c7,dlg-8c2c274a-ffed-4338-adad-e831581293c7:1,,,,,,,pending,
train,train-1083,Could you tell me who stars in this movie?,taskmaster1_woz_user_real,dlg-1fe60f60-9cc6-4af7-87be-c353f8a25f90,dlg-1fe60f60-9cc6-4af7-87be-c353f8a25f90:18,,,,,,,pending,
train,train-1084,Did The Grove have Do they have TVs at The Grove?,taskmaster1_woz_user_real,dlg-cdaf6185-6fbe-4614-8ea2-a30ec6e3de43,dlg-cdaf6185-6fbe-4614-8ea2-a30ec6e3de43:15,,,,,,,pending,
train,train-1085,"Yes, can you place a order, please?",taskmaster1_woz_user_real,dlg-7511a869-3509-4b1c-b1cf-eac1cf88e3a4,dlg-7511a869-3509-4b1c-b1cf-eac1cf88e3a4:18,,,,,,,pending,
train,train-1086,Hi. How's it going?,taskmaster1_woz_user_real,dlg-5301a482-10e9-4da2-a95b-bf28cbe80e14,dlg-5301a482-10e9-4da2-a95b-bf28cbe80e14:1,,,,,,,pending,
train,train-1087,Alright. How What What ride type did we get?,taskmaster1_woz_user_real,dlg-2b3e96dc-5199-45a3-bc1c-4c10b7d0b669,dlg-2b3e96dc-5199-45a3-bc1c-4c10b7d0b669:13,,,,,,,pending,
train,train-1088,"Yeah. Actually, could you give me the phone number the to that restaurant?",taskmaster1_woz_user_real,dlg-21d5efd7-c1ee-40c9-975e-27717f291e20,dlg-21d5efd7-c1ee-40c9-975e-27717f291e20:21,,,,,,,pending,
train,train-1089,"Hello. I'd like to order two pizzas from Bella Luna, please.",taskmaster1_woz_user_real,dlg-08759428-3f8d-4813-a087-20a84b033df4,dlg-08759428-3f8d-4813-a087-20a84b033df4:1,,,,,,,pending,
train,train-1090,"Is it supposed to take 15 minutes. Okay. All right, let's book it, I guess. How far away are the driver is?",taskmaster1_woz_user_real,dlg-735968ee-6789-4e81-bcd0-36838a1bf336,dlg-735968ee-6789-4e81-bcd0-36838a1bf336:11,,,,,,,pending,
train,train-1091,"Okay. And then, could you also check what the Google customer rating is for both of those restaurants?",taskmaster1_woz_user_real,dlg-acc40b50-50fd-4ccf-a023-a146f7e537f3,dlg-acc40b50-50fd-4ccf-a023-a146f7e537f3:11,,,,,,,pending,
train,train-1092,Hey. I was wondering if you could help me order some pizza from Bella Luna.,taskmaster1_woz_user_real,dlg-5bc6a3f4-2056-40f5-b44f-effa345dd310,dlg-5bc6a3f4-2056-40f5-b44f-effa345dd310:1,,,,,,,pending,
train,train-1093,Do they have the full menu?,taskmaster1_woz_user_real,dlg-ef472b88-f2f3-4bbb-b5d5-1fb1ce5f7503,dlg-ef472b88-f2f3-4bbb-b5d5-1fb1ce5f7503:11,,,,,,,pending,
train,train-1094,What options do you have?,taskmaster1_woz_user_real,dlg-3eb0836e-2aaf-470f-be40-2499d276e6c2,dlg-3eb0836e-2aaf-470f-be40-2499d276e6c2:11,,,,,,,pending,
train,train-1095,Then please go ahead and do so. Thank you very much.,taskmaster1_woz_user_real,dlg-f20cb5b7-1825-4032-b002-3449c0bd8251,dlg-f20cb5b7-1825-4032-b002-3449c0bd8251:12,,,,,,,pending,
train,train-1096,"Oh, okay. And about how long will that trip take to get where I need to go?",taskmaster1_woz_user_real,dlg-74929082-fe71-472a-b5ca-6b288198a5e6,dlg-74929082-fe71-472a-b5ca-6b288198a5e6:28,,,,,,,pending,
train,train-1097,"For two people, correct?",taskmaster1_woz_user_real,dlg-e66c0b58-71e4-41c2-8e34-278463606bcc,dlg-e66c0b58-71e4-41c2-8e34-278463606bcc:14,,,,,,,pending,
train,train-1098,What time What time of day does Don Pistos have the most customer traffic?,taskmaster1_woz_user_real,dlg-87e98166-c937-43a0-92fa-68e65caf264b,dlg-87e98166-c937-43a0-92fa-68e65caf264b:13,,,,,,,pending,
train,train-1099,"Anything else I can do? No, thank you.",taskmaster1_woz_user_real,dlg-6c5856a1-d87f-47cd-9cf4-5ef2d8a86bc4,dlg-6c5856a1-d87f-47cd-9cf4-5ef2d8a86bc4:26,,,,,,,pending,
train,train-1100,And how much is the appointment going to cost me?,taskmaster1_woz_user_real,dlg-ec831bd8-99f5-459d-98ee-2da5d4cabdbd,dlg-ec831bd8-99f5-459d-98ee-2da5d4cabdbd:27,,,,,,,pending,
train,train-1101,That's perfect. How long is the movie?,taskmaster1_woz_user_real,dlg-2c6f93ad-86ae-4d56-b557-c3c05ca2a599,dlg-2c6f93ad-86ae-4d56-b557-c3c05ca2a599:10,,,,,,,pending,
train,train-1102,What's the estimate of the fare?,taskmaster1_woz_user_real,dlg-231ce557-1c05-45b4-9f51-bd0388df84ca,dlg-231ce557-1c05-45b4-9f51-bd0388df84ca:19,,,,,,,pending,
train,train-1103,Yes. Could you put extra cheese on those pizzas?,taskmaster1_woz_user_real,dlg-18f5d3b0-051c-4da8-a61b-5d436be5322c,dlg-18f5d3b0-051c-4da8-a61b-5d436be5322c:11,,,,,,,pending,
train,train-1104,"Three medium pizzas, please.",taskmaster1_woz_user_real,dlg-f23f5f79-a17b-4931-aadd-a2443be4b657,dlg-f23f5f79-a17b-4931-aadd-a2443be4b657:3,,,,,,,pending,
train,train-1105,Yeah.What are the reviews that are ready to view for all three?,taskmaster1_woz_user_real,dlg-4a38bb7b-557d-4121-9b68-a28f4e4d9d34,dlg-4a38bb7b-557d-4121-9b68-a28f4e4d9d34:10,,,,,,,pending,
train,train-1106,What's the times for the Old Spaghetti? What time do they open and close?,taskmaster1_woz_user_real,dlg-89387e6e-013f-4e93-9e2a-96756bc4eea3,dlg-89387e6e-013f-4e93-9e2a-96756bc4eea3:14,,,,,,,pending,
train,train-1107,What car am I getting worked on?,taskmaster1_woz_user_real,dlg-3dfb6a14-2f44-4ca2-a3dc-e2c76e0cf356,dlg-3dfb6a14-2f44-4ca2-a3dc-e2c76e0cf356:27,,,,,,,pending,
train,train-1108,Could you verify who stars in this movie for me?,taskmaster1_woz_user_real,dlg-e697b764-8dfa-4be1-aa6f-0138e7628b11,dlg-e697b764-8dfa-4be1-aa6f-0138e7628b11:15,,,,,,,pending,
train,train-1109,I can't get it. Can you tell me for me?,taskmaster1_woz_user_real,dlg-1efd95d0-5b6b-4bd6-910c-a1bc1e8b014d,dlg-1efd95d0-5b6b-4bd6-910c-a1bc1e8b014d:11,,,,,,,pending,
train,train-1110,"And barbecue sauce, please.",taskmaster1_woz_user_real,dlg-11dd7e6e-6212-4217-9870-45c0085a4193,dlg-11dd7e6e-6212-4217-9870-45c0085a4193:14,,,,,,,pending,
train,train-1111,"I'd like to order four pizzas, please.",taskmaster1_woz_user_real,dlg-e09ee6bc-dce7-4288-8965-f3a117fbcfd4,dlg-e09ee6bc-dce7-4288-8965-f3a117fbcfd4:2,,,,,,,pending,
train,train-1112,Can you tell me who directed the movie?,taskmaster1_woz_user_real,dlg-3b3500ce-79b7-4aaa-af63-062ac00f7b99,dlg-3b3500ce-79b7-4aaa-af63-062ac00f7b99:15,,,,,,,pending,
train,train-1113,"Actually, before you do, would there be any extra charge to add a bit of honey to that?",taskmaster1_woz_user_real,dlg-eab84d25-b4e2-4cc0-bb88-139e9169fbee,dlg-eab84d25-b4e2-4cc0-bb88-139e9169fbee:15,,,,,,,pending,
train,train-1114,"Okay, when's the driver's ETA?",taskmaster1_woz_user_real,dlg-e639876f-c51f-48e3-8779-0665e1cc9a34,dlg-e639876f-c51f-48e3-8779-0665e1cc9a34:10,,,,,,,pending,
train,train-1115,"Hey, can you help me find a sit down restaurant in San Francisco, California area?",taskmaster1_woz_user_real,dlg-6cfcfdab-3ab5-448b-b5d4-f4d90b795a64,dlg-6cfcfdab-3ab5-448b-b5d4-f4d90b795a64:1,,,,,,,pending,
train,train-1116,"Right, are there any that have a sit-down booth, a high rating and low cost?",taskmaster1_woz_user_real,dlg-ab8d3538-1a01-49f1-9af4-7b1bd9e60f04,dlg-ab8d3538-1a01-49f1-9af4-7b1bd9e60f04:4,,,,,,,pending,
train,train-1117,Do they have smoothie.,taskmaster1_woz_user_real,dlg-1c4eadeb-ba6e-462d-b1d8-6a2c569e23a7,dlg-1c4eadeb-ba6e-462d-b1d8-6a2c569e23a7:13,,,,,,,pending,
train,train-1118,"And the third one, can I get a barbecue chicken pizza, please?",taskmaster1_woz_user_real,dlg-e7d4bd13-21b1-41f7-8375-c54f6c840abc,dlg-e7d4bd13-21b1-41f7-8375-c54f6c840abc:6,,,,,,,pending,
train,train-1119,"Hello. Hello. I'd like to find a nice restaurant in San Francisco, please.",taskmaster1_woz_user_real,dlg-0d16ef48-e0b7-41a1-b497-73296efa8de4,dlg-0d16ef48-e0b7-41a1-b497-73296efa8de4:1,,,,,,,pending,
train,train-1120,"Hm. All right. Which one did you say was more upscale, the first one or second one?",taskmaster1_woz_user_real,dlg-115129d8-133a-4651-9bc3-3993b7804d4e,dlg-115129d8-133a-4651-9bc3-3993b7804d4e:9,,,,,,,pending,
train,train-1121,"I guess that could work. Yeah, why don't you go ahead and do that for me?",taskmaster1_woz_user_real,dlg-af6acf47-27d2-46c5-b151-347966f71523,dlg-af6acf47-27d2-46c5-b151-347966f71523:20,,,,,,,pending,
train,train-1122,Where is that located?,taskmaster1_woz_user_real,dlg-48120991-e9b6-4c5a-bf97-f6153d1c0262,dlg-48120991-e9b6-4c5a-bf97-f6153d1c0262:57,,,,,,,pending,
train,train-1123,"A whole milk, please.",taskmaster1_woz_user_real,dlg-38fa55ba-e336-483e-a882-77cf10c7aa4a,dlg-38fa55ba-e336-483e-a882-77cf10c7aa4a:7,,,,,,,pending,
train,train-1124,"Hey, what's up? I'm trying to get some tickets to see a movie tonight.",taskmaster1_woz_user_real,dlg-40f5aca6-aa88-424e-b015-9bc52058f7a2,dlg-40f5aca6-aa88-424e-b015-9bc52058f7a2:1,,,,,,,pending,
train,train-1125,"Hi, could you help me with finding a place to have lunch in Sacramento, California?",taskmaster1_woz_user_real,dlg-d6c044c4-a5d7-47c4-a272-e36db5ebc6ed,dlg-d6c044c4-a5d7-47c4-a272-e36db5ebc6ed:1,,,,,,,pending,
train,train-1126,"Yes, please. All righty. Sounds good.",taskmaster1_woz_user_real,dlg-443289e1-58f8-4669-8b7e-1c70aea90bbb,dlg-443289e1-58f8-4669-8b7e-1c70aea90bbb:26,,,,,,,pending,
train,train-1127,Okay. And which is the highest-rated one?,taskmaster1_woz_user_real,dlg-4fc62267-81d4-4337-be83-89b674baa98a,dlg-4fc62267-81d4-4337-be83-89b674baa98a:10,,,,,,,pending,
train,train-1128,And is the Alejandro's restaurant relatively cheap? How much is one taco?,taskmaster1_woz_user_real,dlg-8263c459-2657-4454-98b8-0e53fcb21abe,dlg-8263c459-2657-4454-98b8-0e53fcb21abe:22,,,,,,,pending,
train,train-1129,Do we have confirmation code?,taskmaster1_woz_user_real,dlg-c07a3da8-df04-4f62-a33e-c59ef89a1be0,dlg-c07a3da8-df04-4f62-a33e-c59ef89a1be0:25,,,,,,,pending,
train,train-1130,"I'd like two small pizzas, please.",taskmaster1_woz_user_real,dlg-49b664f6-04dc-4d67-a931-01e089c60f59,dlg-49b664f6-04dc-4d67-a931-01e089c60f59:4,,,,,,,pending,
train,train-1131,What are Harkisan's ratings?,taskmaster1_woz_user_real,dlg-22b8e1b6-6875-4d3f-88c4-209be59aba06,dlg-22b8e1b6-6875-4d3f-88c4-209be59aba06:12,,,,,,,pending,
train,train-1132,"I need to order a Starbucks drink, please.",taskmaster1_woz_user_real,dlg-d9814ca0-a31a-429d-8214-a25b969900d2,dlg-d9814ca0-a31a-429d-8214-a25b969900d2:1,,,,,,,pending,
train,train-1133,Is there any available reservations for today?,taskmaster1_woz_user_real,dlg-8be6e2d0-3da3-48a7-b78c-844815f695ac,dlg-8be6e2d0-3da3-48a7-b78c-844815f695ac:8,,,,,,,pending,
train,train-1134,Can you possibly have them add a double shot of espresso to that?,taskmaster1_woz_user_real,dlg-5c0c28e1-03ec-472e-81c0-1766f47bd5c7,dlg-5c0c28e1-03ec-472e-81c0-1766f47bd5c7:22,,,,,,,pending,
train,train-1135,Hi. I am looking for a ride with Uber from the Philadelphia International Airport to Toulouse garden in Philadelphia. Can you assist me?,taskmaster1_woz_user_real,dlg-9f5ed11e-b02b-42fe-96fc-ac721dbe2ebf,dlg-9f5ed11e-b02b-42fe-96fc-ac721dbe2ebf:1,,,,,,,pending,
train,train-1136,What's the phone number of the restaurant?,taskmaster1_woz_user_real,dlg-7c77f66c-d7a7-4c0c-aa7f-41d0dc28dad4,dlg-7c77f66c-d7a7-4c0c-aa7f-41d0dc28dad4:19,,,,,,,pending,
train,train-1137,"Yes, today, please. When is the next available?",taskmaster1_woz_user_real,dlg-48aa1898-baf2-4260-8922-daa530330403,dlg-48aa1898-baf2-4260-8922-daa530330403:6,,,,,,,pending,
train,train-1138,Does second option have a coat rack like a place where you can hang your coat?,taskmaster1_woz_user_real,dlg-fd6c87fb-adeb-4415-921b-fa64ceb42030,dlg-fd6c87fb-adeb-4415-921b-fa64ceb42030:17,,,,,,,pending,
train,train-1139,"Can I get a hot grande cappuccino, please?",taskmaster1_woz_user_real,dlg-77d12dc7-bc5b-4268-b6e1-2b401b2b3fb9,dlg-77d12dc7-bc5b-4268-b6e1-2b401b2b3fb9:3,,,,,,,pending,
train,train-1140,"Hello. I'd like to place a Starbucks pickup order, please.",taskmaster1_woz_user_real,dlg-815d5dba-4eb1-4f3b-a2f8-944b3c1cdd79,dlg-815d5dba-4eb1-4f3b-a2f8-944b3c1cdd79:2,,,,,,,pending,
train,train-1141,"I'm doing good. Can you make a reservation for a restaurant in San Francisco, California, please?",taskmaster1_woz_user_real,dlg-9dde9f04-5bd0-479e-b702-7cad8b01caf6,dlg-9dde9f04-5bd0-479e-b702-7cad8b01caf6:1,,,,,,,pending,
train,train-1142,"Well, I like to try something new today. So, how about any restaurant that serves really weird and whacky foods?",taskmaster1_woz_user_real,dlg-77369153-3f0f-4cc8-9d27-d52013cbcefe,dlg-77369153-3f0f-4cc8-9d27-d52013cbcefe:3,,,,,,,pending,
train,train-1143,What price range is the Nishiki Restaurant? Is it expensive there?,taskmaster1_woz_user_real,dlg-0a89ce07-16d6-437c-a1d9-50e8c4746e97,dlg-0a89ce07-16d6-437c-a1d9-50e8c4746e97:15,,,,,,,pending,
train,train-1144,Is it possible to get a shared or a pool or is that not possible for five of us?,taskmaster1_woz_user_real,dlg-13845610-bc4e-4946-87ce-510e81e2bf48,dlg-13845610-bc4e-4946-87ce-510e81e2bf48:3,,,,,,,pending,
train,train-1145,Do they offer anything to drink like 2 L?,taskmaster1_woz_user_real,dlg-23dbfd20-337e-452b-9a41-4bc938e7c0a6,dlg-23dbfd20-337e-452b-9a41-4bc938e7c0a6:7,,,,,,,pending,
train,train-1146,or if there's either?,taskmaster1_woz_user_real,dlg-e4f6c8eb-0330-4a39-afbf-9c90d4bd82b5,dlg-e4f6c8eb-0330-4a39-afbf-9c90d4bd82b5:14,,,,,,,pending,
train,train-1147,"And what type of food is served there? Like, could I get crab legs or lobster?",taskmaster1_woz_user_real,dlg-70c45d6e-3aa6-4cae-b921-fff68b995c0d,dlg-70c45d6e-3aa6-4cae-b921-fff68b995c0d:15,,,,,,,pending,
train,train-1148,Who stars in this film?,taskmaster1_woz_user_real,dlg-26452b20-b94f-499b-b209-205b065b284c,dlg-26452b20-b94f-499b-b209-205b065b284c:18,,,,,,,pending,
train,train-1149,What time does that restaurant close?,taskmaster1_woz_user_real,dlg-acdeda8f-6806-4159-80d1-46e2cce24010,dlg-acdeda8f-6806-4159-80d1-46e2cce24010:8,,,,,,,pending,
train,train-1150,"Is it a sit-down restaurant, and is there outside seating?",taskmaster1_woz_user_real,dlg-7efc077b-07cc-40bc-a966-001183d4b917,dlg-7efc077b-07cc-40bc-a966-001183d4b917:12,,,,,,,pending,
train,train-1151,Does the first one have a bar?,taskmaster1_woz_user_real,dlg-b1eeb31b-dd05-45ef-8198-d8320e7b6aa3,dlg-b1eeb31b-dd05-45ef-8198-d8320e7b6aa3:11,,,,,,,pending,
train,train-1152,"Hi, can I get two tickets to a showing of Cold Pursuit in San Diego?",taskmaster1_woz_user_real,dlg-e8d45638-44ea-4d10-b6df-b32fd8aad3ff,dlg-e8d45638-44ea-4d10-b6df-b32fd8aad3ff:1,,,,,,,pending,
train,train-1153,"And both of them have extra cheese, right?",taskmaster1_woz_user_real,dlg-d2807d00-02ce-48f1-9ee3-387f58a6c7a6,dlg-d2807d00-02ce-48f1-9ee3-387f58a6c7a6:13,,,,,,,pending,
train,train-1154,And does the last one the third option have take out as well?,taskmaster1_woz_user_real,dlg-49d49087-3c72-4cce-9f57-1a3d1faaae9a,dlg-49d49087-3c72-4cce-9f57-1a3d1faaae9a:18,,,,,,,pending,
train,train-1155,"OK. And at the second option, what is the price per plate?",taskmaster1_woz_user_real,dlg-42bd4073-74a2-43a0-bad7-ea2a30cacf1d,dlg-42bd4073-74a2-43a0-bad7-ea2a30cacf1d:17,,,,,,,pending,
train,train-1156,Could you repeat the options?,taskmaster1_woz_user_real,dlg-a65474f7-8e3b-4dfa-98c1-63fbbbf2defa,dlg-a65474f7-8e3b-4dfa-98c1-63fbbbf2defa:7,,,,,,,pending,
train,train-1157,And what's the duration of the trip?,taskmaster1_woz_user_real,dlg-baea8251-d9e6-478d-893d-7ae56eb37295,dlg-baea8251-d9e6-478d-893d-7ae56eb37295:9,,,,,,,pending,
train,train-1158,"Okay, any other options?",taskmaster1_woz_user_real,dlg-a71de742-eb0b-4c8d-9808-16559910d6ad,dlg-a71de742-eb0b-4c8d-9808-16559910d6ad:7,,,,,,,pending,
train,train-1159,Mhm. Okay. And what's the estimated duration of the trip and my driver's estimated time of arrival?,taskmaster1_woz_user_real,dlg-e3ee581b-034c-415c-82ad-e524173dd8b7,dlg-e3ee581b-034c-415c-82ad-e524173dd8b7:15,,,,,,,pending,
train,train-1160,Okay. What will be the driver's ETA if I'm ready now?,taskmaster1_woz_user_real,dlg-5745e288-afe9-41ce-b603-1be665e74d31,dlg-5745e288-afe9-41ce-b603-1be665e74d31:19,,,,,,,pending,
train,train-1161,"I want to get two small pizzas. One with pepperoni and the other with onions, please.",taskmaster1_woz_user_real,dlg-148135d4-8b07-43d2-ac39-f37d97b097dc,dlg-148135d4-8b07-43d2-ac39-f37d97b097dc:3,,,,,,,pending,
train,train-1162,Out of how many reviews for both?,taskmaster1_woz_user_real,dlg-115129d8-133a-4651-9bc3-3993b7804d4e,dlg-115129d8-133a-4651-9bc3-3993b7804d4e:7,,,,,,,pending,
train,train-1163,"Yes, the Ichiban in East Longmeadow.",taskmaster1_woz_user_real,dlg-3861176e-c4d1-4039-9dcf-671c51d947af,dlg-3861176e-c4d1-4039-9dcf-671c51d947af:4,,,,,,,pending,
train,train-1164,"Yeah, that'll be okay.",taskmaster1_woz_user_real,dlg-ea0ade42-96fd-4d36-82fa-f1b5faeffe96,dlg-ea0ade42-96fd-4d36-82fa-f1b5faeffe96:28,,,,,,,pending,
train,train-1165,Hi. I want to order a coffee.,taskmaster1_woz_user_real,dlg-a798bc6d-cf1c-454a-bd09-26410fd83ff9,dlg-a798bc6d-cf1c-454a-bd09-26410fd83ff9:1,,,,,,,pending,
train,train-1166,I will like a ice pumpkin spiced chai latte.,taskmaster1_woz_user_real,dlg-59c76ce5-4a46-425b-b56b-ac41d6c45131,dlg-59c76ce5-4a46-425b-b56b-ac41d6c45131:5,,,,,,,pending,
train,train-1167,"Yeah, I'd like to order some coffee from Starbucks.",taskmaster1_woz_user_real,dlg-35216c54-be64-4217-9f17-2a5bb2a73414,dlg-35216c54-be64-4217-9f17-2a5bb2a73414:0,,,,,,,pending,
train,train-1168,The one on Main Street in downtown Chicago.,taskmaster1_woz_user_real,dlg-71522b45-0cf7-4b02-b5d8-4fefd9079ed2,dlg-71522b45-0cf7-4b02-b5d8-4fefd9079ed2:7,,,,,,,pending,
train,train-1169,I would like a double espresso with a side order of coconut milk from Starbucks.,taskmaster1_woz_user_real,dlg-fa9efcdb-aa5b-40e9-9cf6-2ac2b9bab764,dlg-fa9efcdb-aa5b-40e9-9cf6-2ac2b9bab764:3,,,,,,,pending,
train,train-1170,It's in Santa Barbara.,taskmaster1_woz_user_real,dlg-c5464839-aef0-4a1c-8257-0194c2008de1,dlg-c5464839-aef0-4a1c-8257-0194c2008de1:4,,,,,,,pending,
train,train-1171,Pick another one. The next The next-sooner showing that has.,taskmaster1_woz_user_real,dlg-becb0f4d-056b-484c-ad25-fa15c311239e,dlg-becb0f4d-056b-484c-ad25-fa15c311239e:19,,,,,,,pending,
train,train-1172,I'm not entirely sure.,taskmaster1_woz_user_real,dlg-0a390a68-a768-4252-af83-2cc146a4fd07,dlg-0a390a68-a768-4252-af83-2cc146a4fd07:13,,,,,,,pending,
train,train-1173,"No, that was it. Thank you so much for your help.",taskmaster1_woz_user_real,dlg-31e9052c-042b-4a63-b4ca-c7f75319bf2e,dlg-31e9052c-042b-4a63-b4ca-c7f75319bf2e:15,,,,,,,pending,
train,train-1174,"Yes, that's correct, with extra cheese.",taskmaster1_woz_user_real,dlg-1a8c64fd-0f5f-442e-835d-06c3646f66fb,dlg-1a8c64fd-0f5f-442e-835d-06c3646f66fb:11,,,,,,,pending,
train,train-1175,Yeah. Go ahead and get those.,taskmaster1_woz_user_real,dlg-e03e3158-fec2-4af4-a286-3143b0a9cf5f,dlg-e03e3158-fec2-4af4-a286-3143b0a9cf5f:18,,,,,,,pending,
train,train-1176,All right. Thank you. appreciate it.,taskmaster1_woz_user_real,dlg-409b49e8-6134-45c8-ae29-d95a614e7d5b,dlg-409b49e8-6134-45c8-ae29-d95a614e7d5b:25,,,,,,,pending,
train,train-1177,"Yes, something that's cheap, fast, and good food.",taskmaster1_woz_user_real,dlg-f1d0ecbf-4008-469b-8d0c-7602b1effcef,dlg-f1d0ecbf-4008-469b-8d0c-7602b1effcef:4,,,,,,,pending,
train,train-1178,Hello there. I'd like to order coffee for pickup at my local Starbucks.,taskmaster1_woz_user_real,dlg-dc6c40c8-0f29-4e8b-94dd-4a996c72b7c2,dlg-dc6c40c8-0f29-4e8b-94dd-4a996c72b7c2:1,,,,,,,pending,
train,train-1179,I'm at UT Dallas.,taskmaster1_woz_user_real,dlg-5c9fc085-6efa-4833-8bd3-b6328f81f999,dlg-5c9fc085-6efa-4833-8bd3-b6328f81f999:6,,,,,,,pending,
train,train-1180,Hi. I'd like to order some pizzas.,taskmaster1_woz_user_real,dlg-68f8141f-bbac-4bc6-b00b-1b6a976300df,dlg-68f8141f-bbac-4bc6-b00b-1b6a976300df:1,,,,,,,pending,
train,train-1181,I'm interested in movies.,taskmaster1_woz_user_real,dlg-0e884015-adbf-4816-80f6-f23e65a731f5,dlg-0e884015-adbf-4816-80f6-f23e65a731f5:6,,,,,,,pending,
train,train-1182,I was thinking a black and white mocha.,taskmaster1_woz_user_real,dlg-d7afbd1f-c795-4fdf-9510-d82140130fa2,dlg-d7afbd1f-c795-4fdf-9510-d82140130fa2:3,,,,,,,pending,
train,train-1183,"Like sit-down cares, like restaurants.",taskmaster1_woz_user_real,dlg-38e73510-75ba-46db-b01e-6c91c6eb7a5e,dlg-38e73510-75ba-46db-b01e-6c91c6eb7a5e:19,,,,,,,pending,
train,train-1184,Thank you so much for your help today.,taskmaster1_woz_user_real,dlg-2a22d115-c0f9-4f24-8a11-e26d8e9cb9d2,dlg-2a22d115-c0f9-4f24-8a11-e26d8e9cb9d2:19,,,,,,,pending,
train,train-1185,"Nope, that's all I needed. Thank you.",taskmaster1_woz_user_real,dlg-edc34307-7327-4d74-a914-0842e5edc50f,dlg-edc34307-7327-4d74-a914-0842e5edc50f:17,,,,,,,pending,
train,train-1186,"Yes, I believe it will.",taskmaster1_woz_user_real,dlg-c337c95f-9ee3-4466-a50f-6745f2635648,dlg-c337c95f-9ee3-4466-a50f-6745f2635648:10,,,,,,,pending,
train,train-1187,I would like to order an Uber.,taskmaster1_woz_user_real,dlg-a0f6fc99-387a-465f-8bfa-42f43aa4deb9,dlg-a0f6fc99-387a-465f-8bfa-42f43aa4deb9:1,,,,,,,pending,
train,train-1188,"123 Main Street, got it.",taskmaster1_woz_user_real,dlg-b8af93cc-8706-41ad-a4d4-044ba5f8954d,dlg-b8af93cc-8706-41ad-a4d4-044ba5f8954d:33,,,,,,,pending,
train,train-1189,"Yes, I want to go to Intelligent Auto Imports.",taskmaster1_woz_user_real,dlg-18d1e7b7-a1df-447c-95b9-49502c5297e7,dlg-18d1e7b7-a1df-447c-95b9-49502c5297e7:3,,,,,,,pending,
train,train-1190,"Yes, that will work.",taskmaster1_woz_user_real,dlg-1efab128-9d83-49fd-a0fe-f6b6b744d843,dlg-1efab128-9d83-49fd-a0fe-f6b6b744d843:25,,,,,,,pending,
train,train-1191,"No, that was it. Thank you so much for your help today.",taskmaster1_woz_user_real,dlg-59790b88-f360-4d47-8b1f-434c719dcdb3,dlg-59790b88-f360-4d47-8b1f-434c719dcdb3:39,,,,,,,pending,
train,train-1192,"Yes, I want to move from AMC movie theater to to McDonald's.",taskmaster1_woz_user_real,dlg-37212d95-e506-491f-9d72-cebc1ad0a92e,dlg-37212d95-e506-491f-9d72-cebc1ad0a92e:6,,,,,,,pending,
train,train-1193,All right. I'll take that then. That's XL.,taskmaster1_woz_user_real,dlg-ceff4760-5f01-45b9-b31f-f958ab874823,dlg-ceff4760-5f01-45b9-b31f-f958ab874823:12,,,,,,,pending,
train,train-1194,"And there'll be two of us, and looking for an XL.",taskmaster1_woz_user_real,dlg-b1fa2187-289f-44fd-b19c-79a7fce2151a,dlg-b1fa2187-289f-44fd-b19c-79a7fce2151a:2,,,,,,,pending,
train,train-1195,I want to go restaurant.,taskmaster1_woz_user_real,dlg-a85ebcee-ff28-4da9-82aa-d949cef4711c,dlg-a85ebcee-ff28-4da9-82aa-d949cef4711c:3,,,,,,,pending,
train,train-1196,I was looking to order some pizza from the the new pizzeria Bella Luna's.,taskmaster1_woz_user_real,dlg-3a3205c2-4297-4c0d-82fd-9ea96ce947ab,dlg-3a3205c2-4297-4c0d-82fd-9ea96ce947ab:1,,,,,,,pending,
train,train-1197,I need to make a appointment with Intelligent auto imports for my 2010 Subaru Outback.,taskmaster1_woz_user_real,dlg-a9dbf610-8b88-463c-b69f-05cadcd69f0c,dlg-a9dbf610-8b88-463c-b69f-05cadcd69f0c:1,,,,,,,pending,
train,train-1198,Pelican The Pelicans Roost Chowder House in Paradise.,taskmaster1_woz_user_real,dlg-ee5d0bdb-96ed-4cb4-bba7-e1e6c01f9498,dlg-ee5d0bdb-96ed-4cb4-bba7-e1e6c01f9498:4,,,,,,,pending,
train,train-1199,"Yes, as soon as possible.",taskmaster1_woz_user_real,dlg-9d30fa3d-0956-423c-a1ea-ad10da9c98c4,dlg-9d30fa3d-0956-423c-a1ea-ad10da9c98c4:6,,,,,,,pending,
train,train-1200,"For the first pizza, I would just like cheese. For the second pizza, I would like it to have pepperoni and sausage.",taskmaster1_woz_user_real,dlg-86a49529-7198-4dc8-b337-09fa3627a60f,dlg-86a49529-7198-4dc8-b337-09fa3627a60f:5,,,,,,,pending,
