row_id,utterance,draft_Formality,draft_Energy,draft_Intimacy,draft_Humor,draft_Curiosity,reviewed_Formality,reviewed_Energy,reviewed_Intimacy,reviewed_Humor,reviewed_Curiosity,style,sample_bucket,notes,source_line,label_status
1,Do you like living alone,36,35,22,6,84,36,35,22,6,84,learner_question,question,"draft label for human review: question, question/request signal, learner disfluency/repair",102298,human_reviewed
2,So er could you please booked er first train for me,56,35,34,6,74,56,35,34,6,74,learner_question,question,"draft label for human review: question, question/request signal, learner disfluency/repair",60787,human_reviewed
3,Where do you live,36,27,22,6,84,36,27,22,6,84,learner_question,question,"draft label for human review: question, question/request signal, learner disfluency/repair",27932,human_reviewed
4,"Do you have something,",36,27,22,6,84,36,27,22,6,84,learner_question,question,"draft label for human review: question, question/request signal, learner disfluency/repair",39391,human_reviewed
5,Uh so should I read it,36,35,32,6,66,36,35,32,6,66,learner_question,question,"draft label for human review: question, question/request signal, learner disfluency/repair",74149,human_reviewed
6,Can I can I er could you please give me the ticket,56,31,34,6,92,56,31,34,6,92,learner_question,question,"draft label for human review: question, question/request signal, learner disfluency/repair",23175,human_reviewed
7,How do you like,36,35,22,6,84,36,35,22,6,84,learner_question,question,"draft label for human review: question, question/request signal, learner disfluency/repair",90750,human_reviewed
8,"And so, could you come to my my room and che check it and started start the repair my broken window today",52,39,34,6,84,52,39,34,6,84,learner_question,question,"draft label for human review: question, question/request signal, learner disfluency/repair",5272,human_reviewed
9,Can I start,53,24,30,6,92,53,24,30,6,92,learner_question,question,"draft label for human review: question, question/request signal",43087,human_reviewed
10,Can I call I,53,24,30,6,92,53,24,30,6,92,learner_question,question,"draft label for human review: question, question/request signal",81570,human_reviewed
11,Is this role playing,36,27,22,6,84,36,27,22,6,84,learner_question,question,"draft label for human review: question, question/request signal, learner disfluency/repair",116063,human_reviewed
12,who are chattering with other students,43,28,24,6,84,43,28,24,6,84,learner_question,question,"draft label for human review: question, question/request signal",69179,human_reviewed
13,What is advantage,36,27,22,6,84,36,27,22,6,84,learner_question,question,"draft label for human review: question, question/request signal, learner disfluency/repair",50744,human_reviewed
14,So would you please ah would you please have a lunch ah next next Sunday,56,35,26,6,92,56,35,26,6,92,learner_question,question,"draft label for human review: question, question/request signal, learner disfluency/repair",110578,human_reviewed
15,What kind of food,36,27,22,6,84,36,27,22,6,84,learner_question,question,"draft label for human review: question, question/request signal, learner disfluency/repair",46718,human_reviewed
16,Do you know,36,27,22,6,84,36,27,22,6,84,learner_question,question,"draft label for human review: question, question/request signal, learner disfluency/repair",78155,human_reviewed
17,How did you buy,43,24,22,6,84,43,24,22,6,84,learner_question,question,"draft label for human review: question, question/request signal",46170,human_reviewed
18,Is it is it all,36,27,22,6,84,36,27,22,6,84,learner_question,question,"draft label for human review: question, question/request signal, learner disfluency/repair",44905,human_reviewed
19,"Do you know the "" Sen-to-Chihiro-no-kamikakushi "" erm which is erm which is very popular nowadays, and erm have you every watch it",42,47,24,6,84,42,47,24,6,84,learner_question,question,"draft label for human review: question, question/request signal, learner disfluency/repair",82926,human_reviewed
20,what do I buy,36,27,30,6,84,36,27,30,6,84,learner_question,question,"draft label for human review: question, question/request signal, learner disfluency/repair",17772,human_reviewed
21,Did you like it,36,35,22,6,84,36,35,22,6,84,learner_question,question,"draft label for human review: question, question/request signal, learner disfluency/repair",16542,human_reviewed
22,do you like movie,36,35,22,10,84,36,35,22,10,84,learner_question,question,"draft label for human review: question, question/request signal, learner disfluency/repair",120983,human_reviewed
23,So how about meet at Shin ur J R Shinjuku Station,36,35,24,6,84,36,35,24,6,84,learner_question,question,"draft label for human review: question, question/request signal, learner disfluency/repair",112498,human_reviewed
24,Do you know uh do you know contemporary art,36,31,24,6,84,36,31,24,6,84,learner_question,question,"draft label for human review: question, question/request signal, learner disfluency/repair",20128,human_reviewed
25,Why did you decide,43,24,22,6,84,43,24,22,6,84,learner_question,question,"draft label for human review: question, question/request signal",119122,human_reviewed
26,How are you,43,24,22,6,84,43,24,22,6,84,learner_question,question,"draft label for human review: question, question/request signal",120962,human_reviewed
27,So can you can you go with me,36,35,32,6,84,36,35,32,6,84,learner_question,question,"draft label for human review: question, question/request signal, learner disfluency/repair",10827,human_reviewed
28,So can you mm pay back the money for this er ticket or exchange exchange this for as a er ticket for a later er later train er the train will be departured later,42,39,24,6,84,42,39,24,6,84,learner_question,question,"draft label for human review: question, question/request signal, learner disfluency/repair",105570,human_reviewed
29,"So, can you can you talk with your manager",36,35,24,6,84,36,35,24,6,84,learner_question,question,"draft label for human review: question, question/request signal, learner disfluency/repair",93041,human_reviewed
30,What kind of variety could you err serve serve for me,46,31,34,6,84,46,31,34,6,84,learner_question,question,"draft label for human review: question, question/request signal, learner disfluency/repair",90425,human_reviewed
31,how about meeting in the uhm Umeda Station,36,31,24,6,84,36,31,24,6,84,learner_question,question,"draft label for human review: question, question/request signal, learner disfluency/repair",36365,human_reviewed
32,Is it called Japanese,36,27,22,6,84,36,27,22,6,84,learner_question,question,"draft label for human review: question, question/request signal, learner disfluency/repair",97298,human_reviewed
33,So er do you have the fast train,36,35,24,6,66,36,35,24,6,66,learner_question,question,"draft label for human review: question, question/request signal, learner disfluency/repair",123386,human_reviewed
34,Is there ah something is there anything,36,31,24,6,84,36,31,24,6,84,learner_question,question,"draft label for human review: question, question/request signal, learner disfluency/repair",15399,human_reviewed
35,Oh what kind of train,36,27,22,6,84,36,27,22,6,84,learner_question,question,"draft label for human review: question, question/request signal, learner disfluency/repair",12456,human_reviewed
36,How do you do,36,27,22,6,84,36,27,22,6,84,learner_question,question,"draft label for human review: question, question/request signal, learner disfluency/repair",27437,human_reviewed
37,are that are you alone,43,24,22,6,84,43,24,22,6,84,learner_question,question,"draft label for human review: question, question/request signal",99023,human_reviewed
38,Well do you have any black jackets,36,31,24,6,84,36,31,24,6,84,learner_question,question,"draft label for human review: question, question/request signal, learner disfluency/repair",117864,human_reviewed
39,How do I relax,36,27,30,6,84,36,27,30,6,84,learner_question,question,"draft label for human review: question, question/request signal, learner disfluency/repair",117781,human_reviewed
40,um do I should,36,27,30,6,66,36,27,30,6,66,learner_question,question,"draft label for human review: question, question/request signal, learner disfluency/repair",83219,human_reviewed
41,Um would you show me the your um your item,46,31,34,6,66,46,31,34,6,66,learner_question,question,"draft label for human review: question, question/request signal, learner disfluency/repair",110247,human_reviewed
42,And how about,43,24,22,6,84,43,24,22,6,84,learner_question,question,"draft label for human review: question, question/request signal",20166,human_reviewed
43,and do you have this uum err do you have uum this,36,31,24,6,84,36,31,24,6,84,learner_question,question,"draft label for human review: question, question/request signal, learner disfluency/repair",126323,human_reviewed
44,Do you have any schedule that day,36,31,24,6,84,36,31,24,6,84,learner_question,question,"draft label for human review: question, question/request signal, learner disfluency/repair",107636,human_reviewed
45,May I help you,63,24,32,6,74,63,24,32,6,74,learner_question,question,"draft label for human review: question, question/request signal, polite spoken form",126434,human_reviewed
46,Um where may I er where can I buy the ticket,46,31,34,6,66,46,31,34,6,66,learner_question,question,"draft label for human review: question, question/request signal, learner disfluency/repair",78061,human_reviewed
47,"So, er how about mm meeting at six,",33,37,24,6,66,33,37,24,6,66,learner_question,question,"draft label for human review: question, question/request signal, learner disfluency/repair",230,human_reviewed
48,er do you know Ikefukurou,36,27,22,6,66,36,27,22,6,66,learner_question,question,"draft label for human review: question, question/request signal, learner disfluency/repair",101176,human_reviewed
49,How do you do I say denchi in English,36,31,32,6,84,36,31,32,6,84,learner_question,question,"draft label for human review: question, question/request signal, learner disfluency/repair",13798,human_reviewed
50,What kind of situation,36,27,22,6,84,36,27,22,6,84,learner_question,question,"draft label for human review: question, question/request signal, learner disfluency/repair",12915,human_reviewed
51,Could you please tell me why this happened,56,31,34,6,92,56,31,34,6,92,learner_question,question,"draft label for human review: question, question/request signal, learner disfluency/repair",31225,human_reviewed
52,Er could you could you say again,46,31,26,6,66,46,31,26,6,66,learner_question,question,"draft label for human review: question, question/request signal, learner disfluency/repair",43123,human_reviewed
53,"Do you know er the movie of ah ""Ocean's Eleven""",36,31,24,10,84,36,31,24,10,84,learner_question,question,"draft label for human review: question, question/request signal, learner disfluency/repair",106321,human_reviewed
54,Is it O K to change,36,31,24,6,84,36,31,24,6,84,learner_question,question,"draft label for human review: question, question/request signal, learner disfluency/repair",94627,human_reviewed
55,Oh and do you have um what kind of hotels do you have,36,31,24,6,84,36,31,24,6,84,learner_question,question,"draft label for human review: question, question/request signal, learner disfluency/repair",62340,human_reviewed
56,"""How would you pay",53,24,24,6,84,53,24,24,6,84,learner_question,question,"draft label for human review: question, question/request signal",87233,human_reviewed
57,Do you sometimes,36,27,22,6,84,36,27,22,6,84,learner_question,question,"draft label for human review: question, question/request signal, learner disfluency/repair",109274,human_reviewed
58,Um may I have this,46,27,32,6,66,46,27,32,6,66,learner_question,question,"draft label for human review: question, question/request signal, learner disfluency/repair",55283,human_reviewed
59,Where do you do you want to watch,36,31,24,6,84,36,31,24,6,84,learner_question,question,"draft label for human review: question, question/request signal, learner disfluency/repair",82532,human_reviewed
60,Is it O K,36,27,22,6,84,36,27,22,6,84,learner_question,question,"draft label for human review: question, question/request signal, learner disfluency/repair",53786,human_reviewed
61,What do I think of them,36,31,32,6,84,36,31,32,6,84,learner_question,question,"draft label for human review: question, question/request signal, learner disfluency/repair",129177,human_reviewed
62,What are they like,43,32,22,6,84,43,32,22,6,84,learner_question,question,"draft label for human review: question, question/request signal",12034,human_reviewed
63,Do you do you do you know Yurakucho station,36,31,24,6,84,36,31,24,6,84,learner_question,question,"draft label for human review: question, question/request signal, learner disfluency/repair",108127,human_reviewed
64,Do you have it,36,27,22,6,84,36,27,22,6,84,learner_question,question,"draft label for human review: question, question/request signal, learner disfluency/repair",46,human_reviewed
65,should I take,43,24,30,6,84,43,24,30,6,84,learner_question,question,"draft label for human review: question, question/request signal",63843,human_reviewed
66,Erm what kind of train,36,27,22,6,66,36,27,22,6,66,learner_question,question,"draft label for human review: question, question/request signal, learner disfluency/repair",95185,human_reviewed
67,Do you usually do,36,27,22,6,84,36,27,22,6,84,learner_question,question,"draft label for human review: question, question/request signal, learner disfluency/repair",64364,human_reviewed
68,Do I have to go from one to six,36,31,32,6,84,36,31,32,6,84,learner_question,question,"draft label for human review: question, question/request signal, learner disfluency/repair",5896,human_reviewed
69,Is that cheapest,36,27,22,6,84,36,27,22,6,84,learner_question,question,"draft label for human review: question, question/request signal, learner disfluency/repair",116486,human_reviewed
70,But well how could help it,46,31,26,6,84,46,31,26,6,84,learner_question,question,"draft label for human review: question, question/request signal, learner disfluency/repair",131880,human_reviewed
71,Are there rich people,43,24,22,6,84,43,24,22,6,84,learner_question,question,"draft label for human review: question, question/request signal",21045,human_reviewed
72,So is that ur is that convenient for you,36,35,24,6,84,36,35,24,6,84,learner_question,question,"draft label for human review: question, question/request signal, learner disfluency/repair",112281,human_reviewed
73,What is the mm fastest train,36,31,24,6,84,36,31,24,6,84,learner_question,question,"draft label for human review: question, question/request signal, learner disfluency/repair",44428,human_reviewed
74,Can I make a new one,53,28,32,6,92,53,28,32,6,92,learner_question,question,"draft label for human review: question, question/request signal",132419,human_reviewed
75,"is it possible to, so maybe , yeah",33,37,24,6,84,33,37,24,6,84,learner_question,question,"draft label for human review: question, question/request signal, learner disfluency/repair",33187,human_reviewed
76,would you go to watch the movie uhh this weekend,56,31,26,10,92,56,31,26,10,92,learner_question,question,"draft label for human review: question, question/request signal, learner disfluency/repair",109200,human_reviewed
77,So would you consul ahh could you talk er my er what I sa oh what I'm saying with your er manager,52,39,34,6,84,52,39,34,6,84,learner_question,question,"draft label for human review: question, question/request signal, learner disfluency/repair",74170,human_reviewed
78,Is that fine,36,27,22,6,84,36,27,22,6,84,learner_question,question,"draft label for human review: question, question/request signal, learner disfluency/repair",138073,human_reviewed
79,how about lunch,43,24,22,6,84,43,24,22,6,84,learner_question,question,"draft label for human review: question, question/request signal",10117,human_reviewed
80,Is it possible to refund,36,27,22,6,84,36,27,22,6,84,learner_question,question,"draft label for human review: question, question/request signal, learner disfluency/repair",33180,human_reviewed
81,Are there other,43,24,22,6,84,43,24,22,6,84,learner_question,question,"draft label for human review: question, question/request signal",34391,human_reviewed
82,Er but er is this have another color,36,31,24,6,66,36,31,24,6,66,learner_question,question,"draft label for human review: question, question/request signal, learner disfluency/repair",49753,human_reviewed
83,Do you have do you have some some cars,36,31,24,6,84,36,31,24,6,84,learner_question,question,"draft label for human review: question, question/request signal, learner disfluency/repair",100657,human_reviewed
84,What is the most earliest to arrive arrive in New York,36,31,24,6,84,36,31,24,6,84,learner_question,question,"draft label for human review: question, question/request signal, learner disfluency/repair",104344,human_reviewed
85,May I start again,63,24,32,6,74,63,24,32,6,74,learner_question,question,"draft label for human review: question, question/request signal, polite spoken form",96960,human_reviewed
86,would you like to see action movies,56,39,26,6,92,56,39,26,6,92,learner_question,question,"draft label for human review: question, question/request signal, learner disfluency/repair",60702,human_reviewed
87,Do you have a large size jacket,36,31,24,6,84,36,31,24,6,84,learner_question,question,"draft label for human review: question, question/request signal, learner disfluency/repair",24983,human_reviewed
88,Do you have a time now,36,31,24,6,84,36,31,24,6,84,learner_question,question,"draft label for human review: question, question/request signal, learner disfluency/repair",46133,human_reviewed
89,Do you have any plans,36,27,22,6,84,36,27,22,6,84,learner_question,question,"draft label for human review: question, question/request signal, learner disfluency/repair",1758,human_reviewed
90,How about uu train,36,27,22,6,84,36,27,22,6,84,learner_question,question,"draft label for human review: question, question/request signal, learner disfluency/repair",45856,human_reviewed
91,er could you give me a information about ah very popular place,46,43,34,6,66,46,43,34,6,66,learner_question,question,"draft label for human review: question, question/request signal, learner disfluency/repair",92548,human_reviewed
92,Er did you have already finished to cele a to prepare,36,31,24,6,66,36,31,24,6,66,learner_question,question,"draft label for human review: question, question/request signal, learner disfluency/repair",859,human_reviewed
93,Is it all right,36,27,22,6,84,36,27,22,6,84,learner_question,question,"draft label for human review: question, question/request signal, learner disfluency/repair",71474,human_reviewed
94,Please show me the white color of this type,75,31,40,6,56,75,31,40,6,56,learner_request,polite_request,"draft label for human review: polite_request, polite spoken form, personal or direct-address speech, learner disfluency/repair",119556,human_reviewed
95,Please er transfer my message to the personnel,75,31,40,6,56,75,31,40,6,56,learner_request,polite_request,"draft label for human review: polite_request, polite spoken form, personal or direct-address speech, learner disfluency/repair",106714,human_reviewed
96,"So when you have another occasion, please just let me know",75,35,40,6,74,75,35,40,6,74,learner_request,polite_request,"draft label for human review: polite_request, question/request signal, polite spoken form, personal or direct-address speech, learner disfluency/repair",128631,human_reviewed
97,"Yes, one ticket, please",79,26,30,6,56,79,26,30,6,56,learner_request,polite_request,"draft label for human review: polite_request, polite spoken form",89066,human_reviewed
98,"I erm please tell me hm I can I can buy ticket er er sorry, where I can buy ticket",81,35,40,6,56,81,35,40,6,56,learner_request,polite_request,"draft label for human review: polite_request, polite spoken form, personal or direct-address speech, learner disfluency/repair",4341,human_reviewed
99,Please repeat it,75,27,30,6,56,75,27,30,6,56,learner_request,polite_request,"draft label for human review: polite_request, polite spoken form, learner disfluency/repair",98339,human_reviewed
100,"So, if you are O K, please see the movie",72,37,32,10,56,72,37,32,10,56,learner_request,polite_request,"draft label for human review: polite_request, polite spoken form, learner disfluency/repair",223,human_reviewed
101,"find some nice restaurant, so please",75,35,32,6,56,75,35,32,6,56,learner_request,polite_request,"draft label for human review: polite_request, polite spoken form, learner disfluency/repair",4165,human_reviewed
102,"So uh please, if if you have next if you have another party, please invite me",72,37,40,10,56,72,37,40,10,56,learner_request,polite_request,"draft label for human review: polite_request, polite spoken form, personal or direct-address speech, learner disfluency/repair",34638,human_reviewed
103,please give me lower ticket but express,75,31,40,6,56,75,31,40,6,56,learner_request,polite_request,"draft label for human review: polite_request, polite spoken form, personal or direct-address speech, learner disfluency/repair",15224,human_reviewed
104,"Sorry, um one more, please",72,29,30,6,56,72,29,30,6,56,learner_request,polite_request,"draft label for human review: polite_request, polite spoken form, learner disfluency/repair",53234,human_reviewed
105,"clerk, "" Please wrap them so please wrap that",75,35,32,6,56,75,35,32,6,56,learner_request,polite_request,"draft label for human review: polite_request, polite spoken form, learner disfluency/repair",2995,human_reviewed
106,"So, you know, you you have to please sorry about that",72,37,32,6,56,72,37,32,6,56,learner_request,polite_request,"draft label for human review: polite_request, polite spoken form, learner disfluency/repair",81891,human_reviewed
107,Mm please tell me three kind of train,75,31,40,6,56,75,31,40,6,56,learner_request,polite_request,"draft label for human review: polite_request, polite spoken form, personal or direct-address speech, learner disfluency/repair",6572,human_reviewed
108,"And, please don't forget to invite me again",75,31,40,6,56,75,31,40,6,56,learner_request,polite_request,"draft label for human review: polite_request, polite spoken form, personal or direct-address speech, learner disfluency/repair",41442,human_reviewed
109,"just brief brief note and say something or ""I'll call you back later, O K, and please",72,33,40,6,56,72,33,40,6,56,learner_request,polite_request,"draft label for human review: polite_request, polite spoken form, personal or direct-address speech, learner disfluency/repair",91704,human_reviewed
110,"But my girl mm my girlfriend said er ""Please",75,31,40,6,56,75,31,40,6,56,learner_request,polite_request,"draft label for human review: polite_request, polite spoken form, personal or direct-address speech, learner disfluency/repair",130553,human_reviewed
111,Erm please tell me two type,75,31,40,6,56,75,31,40,6,56,learner_request,polite_request,"draft label for human review: polite_request, polite spoken form, personal or direct-address speech, learner disfluency/repair",95085,human_reviewed
112,"O once more, please",75,27,30,6,56,75,27,30,6,56,learner_request,polite_request,"draft label for human review: polite_request, polite spoken form, learner disfluency/repair",86331,human_reviewed
113,"So, you please eat the dinner before the before six o'clock",75,35,32,6,56,75,35,32,6,56,learner_request,polite_request,"draft label for human review: polite_request, polite spoken form, learner disfluency/repair",19553,human_reviewed
114,"One ticket, please",82,24,30,6,56,82,24,30,6,56,learner_request,polite_request,"draft label for human review: polite_request, polite spoken form",76062,human_reviewed
115,"So, please erm tell me the phone number of everyone",75,35,40,6,56,75,35,40,6,56,learner_request,polite_request,"draft label for human review: polite_request, polite spoken form, personal or direct-address speech, learner disfluency/repair",94754,human_reviewed
116,"So please do, thank you very much anyway",75,43,32,6,56,75,43,32,6,56,learner_request,polite_request,"draft label for human review: polite_request, polite spoken form, learner disfluency/repair",26050,human_reviewed
117,Please tell me,75,27,38,6,56,75,27,38,6,56,learner_request,polite_request,"draft label for human review: polite_request, polite spoken form, learner disfluency/repair",62835,human_reviewed
118,So wu would you would you please ask your um manager about this,75,35,32,6,56,75,35,32,6,56,learner_request,polite_request,"draft label for human review: polite_request, polite spoken form, learner disfluency/repair",76612,human_reviewed
119,Please express ticket please,82,24,30,6,56,82,24,30,6,56,learner_request,polite_request,"draft label for human review: polite_request, polite spoken form",41293,human_reviewed
120,"One one express train, please",75,27,30,6,56,75,27,30,6,56,learner_request,polite_request,"draft label for human review: polite_request, polite spoken form, learner disfluency/repair",88788,human_reviewed
121,Er I'm very er in rush so please give me er up,75,43,40,6,56,75,43,40,6,56,learner_request,polite_request,"draft label for human review: polite_request, polite spoken form, personal or direct-address speech, learner disfluency/repair",82431,human_reviewed
122,"Please wrap it up, please",75,27,30,6,56,75,27,30,6,56,learner_request,polite_request,"draft label for human review: polite_request, polite spoken form, learner disfluency/repair",85090,human_reviewed
123,"mm this one, please",75,27,30,6,56,75,27,30,6,56,learner_request,polite_request,"draft label for human review: polite_request, polite spoken form, learner disfluency/repair",113879,human_reviewed
124,This this time ur next time uum next time ee please come come come my house,75,31,40,6,56,75,31,40,6,56,learner_request,polite_request,"draft label for human review: polite_request, polite spoken form, personal or direct-address speech, learner disfluency/repair",53314,human_reviewed
125,Then please eeh give me three tickets for us,75,31,40,6,56,75,31,40,6,56,learner_request,polite_request,"draft label for human review: polite_request, polite spoken form, personal or direct-address speech, learner disfluency/repair",122436,human_reviewed
126,"Non-smoking, please",82,24,30,6,56,82,24,30,6,56,learner_request,polite_request,"draft label for human review: polite_request, polite spoken form",97063,human_reviewed
127,"so just lit please price down, just little",75,35,32,6,56,75,35,32,6,56,learner_request,polite_request,"draft label for human review: polite_request, polite spoken form, learner disfluency/repair",113882,human_reviewed
128,"But I really didn't want to leave my child having a temperature So, please erm understand it",75,43,40,6,56,75,43,40,6,56,learner_request,polite_request,"draft label for human review: polite_request, polite spoken form, personal or direct-address speech, learner disfluency/repair",38486,human_reviewed
129,please invite me again,75,27,38,6,56,75,27,38,6,56,learner_request,polite_request,"draft label for human review: polite_request, polite spoken form, learner disfluency/repair",90806,human_reviewed
130,"Just moment, please",82,24,30,6,56,82,24,30,6,56,learner_request,polite_request,"draft label for human review: polite_request, polite spoken form",14215,human_reviewed
131,please show me uh a little a little more er a little bigger one,75,31,40,6,56,75,31,40,6,56,learner_request,polite_request,"draft label for human review: polite_request, polite spoken form, personal or direct-address speech, learner disfluency/repair",96268,human_reviewed
132,"I'd like to could you could you send someone ah to repair the window, please, as soon as possible",78,45,40,6,56,78,45,40,6,56,learner_request,polite_request,"draft label for human review: polite_request, polite spoken form, personal or direct-address speech, learner disfluency/repair",37383,human_reviewed
133,"Er thank yes, please",75,27,30,6,56,75,27,30,6,56,learner_request,polite_request,"draft label for human review: polite_request, polite spoken form, learner disfluency/repair",32441,human_reviewed
134,"Erm please, local ticket",75,27,30,6,56,75,27,30,6,56,learner_request,polite_request,"draft label for human review: polite_request, polite spoken form, learner disfluency/repair",119446,human_reviewed
135,Oh but I oh but er please I couldn't,75,31,40,6,56,75,31,40,6,56,learner_request,polite_request,"draft label for human review: polite_request, polite spoken form, personal or direct-address speech, learner disfluency/repair",125531,human_reviewed
136,please tell the each of prices,75,31,32,6,56,75,31,32,6,56,learner_request,polite_request,"draft label for human review: polite_request, polite spoken form, learner disfluency/repair",2854,human_reviewed
137,So please tell me about the Japanese society book,75,35,40,6,56,75,35,40,6,56,learner_request,polite_request,"draft label for human review: polite_request, polite spoken form, personal or direct-address speech, learner disfluency/repair",123566,human_reviewed
138,"One way, please",82,24,30,6,56,82,24,30,6,56,learner_request,polite_request,"draft label for human review: polite_request, polite spoken form",114125,human_reviewed
139,And I don't know er what is right ticket to New York So please mm help me,75,35,40,6,56,75,35,40,6,56,learner_request,polite_request,"draft label for human review: polite_request, polite spoken form, personal or direct-address speech, learner disfluency/repair",21116,human_reviewed
140,"Please please tell me how to er get to the New York station, and how much erm does it cost",81,35,40,6,56,81,35,40,6,56,learner_request,polite_request,"draft label for human review: polite_request, polite spoken form, personal or direct-address speech, learner disfluency/repair",82845,human_reviewed
141,Oh er one way please,75,27,30,6,56,75,27,30,6,56,learner_request,polite_request,"draft label for human review: polite_request, polite spoken form, learner disfluency/repair",44436,human_reviewed
142,"I want to go to New York ah as soon as f fast, so, please tell me which which ticket er train is the best",78,41,40,6,56,78,41,40,6,56,learner_request,polite_request,"draft label for human review: polite_request, polite spoken form, personal or direct-address speech, learner disfluency/repair",75008,human_reviewed
143,Please tell me three type jacket,75,31,40,6,56,75,31,40,6,56,learner_request,polite_request,"draft label for human review: polite_request, polite spoken form, personal or direct-address speech, learner disfluency/repair",46763,human_reviewed
144,Oh I like that So um please give me,75,43,40,6,56,75,43,40,6,56,learner_request,polite_request,"draft label for human review: polite_request, polite spoken form, personal or direct-address speech, learner disfluency/repair",59516,human_reviewed
145,Hai er jya please err give me a ticket,75,31,40,6,56,75,31,40,6,56,learner_request,polite_request,"draft label for human review: polite_request, polite spoken form, personal or direct-address speech, learner disfluency/repair",126556,human_reviewed
146,I know that I I think that you're gonna say this Because but please help me,75,31,40,6,56,75,31,40,6,56,learner_request,polite_request,"draft label for human review: polite_request, polite spoken form, personal or direct-address speech, learner disfluency/repair",35465,human_reviewed
147,"yeah, please ur invite me again",75,31,40,6,56,75,31,40,6,56,learner_request,polite_request,"draft label for human review: polite_request, polite spoken form, personal or direct-address speech, learner disfluency/repair",132805,human_reviewed
148,"Er just a moment, please",75,27,30,6,56,75,27,30,6,56,learner_request,polite_request,"draft label for human review: polite_request, polite spoken form, learner disfluency/repair",43703,human_reviewed
149,"please inform me, urr af ur when you get",75,31,40,6,56,75,31,40,6,56,learner_request,polite_request,"draft label for human review: polite_request, polite spoken form, personal or direct-address speech, learner disfluency/repair",18759,human_reviewed
150,Urr would you would you please exchange my ticket to another another new new ticket because er I'm I'm just late for departure,81,35,40,6,56,81,35,40,6,56,learner_request,polite_request,"draft label for human review: polite_request, polite spoken form, personal or direct-address speech, learner disfluency/repair",14304,human_reviewed
151,"Yes But anyways, yes, please enjoyed yourself",79,30,32,6,56,79,30,32,6,56,learner_request,polite_request,"draft label for human review: polite_request, polite spoken form",14833,human_reviewed
152,"So uum uum I said the clerk, uum "" Please uum please give me this one",75,35,40,6,56,75,35,40,6,56,learner_request,polite_request,"draft label for human review: polite_request, polite spoken form, personal or direct-address speech, learner disfluency/repair",88468,human_reviewed
153,"So but urm if you ever have a party again, please invite me",75,35,40,10,56,75,35,40,10,56,learner_request,polite_request,"draft label for human review: polite_request, polite spoken form, personal or direct-address speech, learner disfluency/repair",136952,human_reviewed
154,hm please tell me how to go to New York in uh by by train,75,31,40,6,56,75,31,40,6,56,learner_request,polite_request,"draft label for human review: polite_request, polite spoken form, personal or direct-address speech, learner disfluency/repair",60517,human_reviewed
155,"the pink one , please",82,24,30,6,56,82,24,30,6,56,learner_request,polite_request,"draft label for human review: polite_request, polite spoken form",131265,human_reviewed
156,"""But please look at him, he's so cute and very cold",75,43,32,6,56,75,43,32,6,56,learner_request,polite_request,"draft label for human review: polite_request, polite spoken form, learner disfluency/repair",129305,human_reviewed
157,Please tell please recommend the place,82,28,32,6,56,82,28,32,6,56,learner_request,polite_request,"draft label for human review: polite_request, polite spoken form",17172,human_reviewed
158,"Sorry, once more please",82,24,30,6,56,82,24,30,6,56,learner_request,polite_request,"draft label for human review: polite_request, polite spoken form",25398,human_reviewed
159,Er please super express train,75,27,30,6,56,75,27,30,6,56,learner_request,polite_request,"draft label for human review: polite_request, polite spoken form, learner disfluency/repair",56971,human_reviewed
160,"Mademoi mademoiselle, urr the most expensive one, please",72,33,32,6,56,72,33,32,6,56,learner_request,polite_request,"draft label for human review: polite_request, polite spoken form, learner disfluency/repair",11144,human_reviewed
161,"So um but next time, if you have a party, another one, please invite me again",72,37,40,10,56,72,37,40,10,56,learner_request,polite_request,"draft label for human review: polite_request, polite spoken form, personal or direct-address speech, learner disfluency/repair",139564,human_reviewed
162,Urr urr please tell me where you where you live,75,31,40,6,56,75,31,40,6,56,learner_request,polite_request,"draft label for human review: polite_request, polite spoken form, personal or direct-address speech, learner disfluency/repair",30671,human_reviewed
163,"So, please please er please recommend some of them",75,35,32,6,56,75,35,32,6,56,learner_request,polite_request,"draft label for human review: polite_request, polite spoken form, learner disfluency/repair",64598,human_reviewed
164,So I know er so I know urr ur so please urr change the dress,75,35,40,6,56,75,35,40,6,56,learner_request,polite_request,"draft label for human review: polite_request, polite spoken form, personal or direct-address speech, learner disfluency/repair",43038,human_reviewed
165,"Just a moment, please",82,24,30,6,56,82,24,30,6,56,learner_request,polite_request,"draft label for human review: polite_request, polite spoken form",81650,human_reviewed
166,"And mm ur on at that day, I urr umm I asked the clerk to please hmm urr put it put the tie in the good umm bags",81,35,40,6,56,81,35,40,6,56,learner_request,polite_request,"draft label for human review: polite_request, polite spoken form, personal or direct-address speech, learner disfluency/repair",41329,human_reviewed
167,Please er O K,75,27,30,6,56,75,27,30,6,56,learner_request,polite_request,"draft label for human review: polite_request, polite spoken form, learner disfluency/repair",82009,human_reviewed
168,Uhh please mm tell me the three rates,75,31,40,6,56,75,31,40,6,56,learner_request,polite_request,"draft label for human review: polite_request, polite spoken form, personal or direct-address speech, learner disfluency/repair",117238,human_reviewed
169,"O K So fifty dollars ticket, please",75,35,32,6,56,75,35,32,6,56,learner_request,polite_request,"draft label for human review: polite_request, polite spoken form, learner disfluency/repair",10021,human_reviewed
170,"Yes, ah I wanna go to there as soon as possible so please tell me the way to the fastest way",81,39,40,6,56,81,39,40,6,56,learner_request,polite_request,"draft label for human review: polite_request, polite spoken form, personal or direct-address speech, learner disfluency/repair",1410,human_reviewed
171,"So, erm please recommend me some urn new one",75,35,40,6,56,75,35,40,6,56,learner_request,polite_request,"draft label for human review: polite_request, polite spoken form, personal or direct-address speech, learner disfluency/repair",60066,human_reviewed
172,So will will you please change another one,75,35,32,6,56,75,35,32,6,56,learner_request,polite_request,"draft label for human review: polite_request, polite spoken form, learner disfluency/repair",76892,human_reviewed
173,So er please eat the cake by er yourself and take a photo and send it to me later,81,39,40,6,56,81,39,40,6,56,learner_request,polite_request,"draft label for human review: polite_request, polite spoken form, personal or direct-address speech, learner disfluency/repair",133286,human_reviewed
174,are two dogs,34,21,22,8,36,34,21,22,8,36,short_reaction,short_reaction,draft label for human review: short_reaction,7807,human_reviewed
175,Urr I like bossa nova,27,32,30,8,18,27,32,30,8,18,short_reaction,short_reaction,"draft label for human review: short_reaction, learner disfluency/repair",30514,human_reviewed
176,that was that big,34,21,22,8,18,34,21,22,8,18,short_reaction,short_reaction,draft label for human review: short_reaction,38099,human_reviewed
177,twenty-three years old,34,21,22,8,18,34,21,22,8,18,short_reaction,short_reaction,draft label for human review: short_reaction,69371,human_reviewed
178,This is urmm Akira Kurosawa's,27,24,22,8,18,27,24,22,8,18,short_reaction,short_reaction,"draft label for human review: short_reaction, learner disfluency/repair",3940,human_reviewed
179,"Ur Yeah, home party",27,24,32,12,18,27,24,32,12,18,short_reaction,short_reaction,"draft label for human review: short_reaction, learner disfluency/repair",73615,human_reviewed
180,"Er very good, thank you",37,36,24,8,18,37,36,24,8,18,short_reaction,short_reaction,"draft label for human review: short_reaction, learner disfluency/repair",4505,human_reviewed
181,I I no,27,24,30,8,18,27,24,30,8,18,short_reaction,short_reaction,"draft label for human review: short_reaction, learner disfluency/repair",62675,human_reviewed
182,Working place is uh Ochanomizu,27,24,22,8,18,27,24,22,8,18,short_reaction,short_reaction,"draft label for human review: short_reaction, learner disfluency/repair",88023,human_reviewed
183,it was wonderful,27,24,22,8,18,27,24,22,8,18,short_reaction,short_reaction,"draft label for human review: short_reaction, learner disfluency/repair",126467,human_reviewed
184,Uh-hum thank you,37,24,24,8,18,37,24,24,8,18,short_reaction,short_reaction,"draft label for human review: short_reaction, learner disfluency/repair",21361,human_reviewed
185,Oh my god,27,24,30,8,18,27,24,30,8,18,short_reaction,short_reaction,"draft label for human review: short_reaction, learner disfluency/repair",44133,human_reviewed
186,This is sen yen,27,24,22,8,18,27,24,22,8,18,short_reaction,short_reaction,"draft label for human review: short_reaction, learner disfluency/repair",59851,human_reviewed
187,A next train,34,21,22,8,18,34,21,22,8,18,short_reaction,short_reaction,draft label for human review: short_reaction,23187,human_reviewed
188,"Fine, thank you",44,21,24,8,18,44,21,24,8,18,short_reaction,short_reaction,draft label for human review: short_reaction,131524,human_reviewed
189,what time do we,27,24,30,8,36,27,24,30,8,36,short_reaction,short_reaction,"draft label for human review: short_reaction, learner disfluency/repair",65035,human_reviewed
190,Three months ago,34,21,22,8,18,34,21,22,8,18,short_reaction,short_reaction,draft label for human review: short_reaction,139749,human_reviewed
191,It takes about one minutes,27,24,22,8,18,27,24,22,8,18,short_reaction,short_reaction,"draft label for human review: short_reaction, learner disfluency/repair",123347,human_reviewed
192,Oh thank you,37,24,24,8,18,37,24,24,8,18,short_reaction,short_reaction,"draft label for human review: short_reaction, learner disfluency/repair",6105,human_reviewed
193,"Mmm At home, yes",27,24,32,8,18,27,24,32,8,18,short_reaction,short_reaction,"draft label for human review: short_reaction, learner disfluency/repair",106455,human_reviewed
194,little fight sometimes,34,21,22,8,18,34,21,22,8,18,short_reaction,short_reaction,draft label for human review: short_reaction,13414,human_reviewed
195,he he come home,27,24,32,8,18,27,24,32,8,18,short_reaction,short_reaction,"draft label for human review: short_reaction, learner disfluency/repair",25553,human_reviewed
196,The boy is pretty,27,24,22,8,18,27,24,22,8,18,short_reaction,short_reaction,"draft label for human review: short_reaction, learner disfluency/repair",84641,human_reviewed
197,receive the salary,34,21,22,8,18,34,21,22,8,18,short_reaction,short_reaction,draft label for human review: short_reaction,126867,human_reviewed
198,"An spring, late spring",27,24,22,8,18,27,24,22,8,18,short_reaction,short_reaction,"draft label for human review: short_reaction, learner disfluency/repair",114433,human_reviewed
199,My ex-girlfriend,27,24,30,8,18,27,24,30,8,18,short_reaction,short_reaction,"draft label for human review: short_reaction, learner disfluency/repair",28549,human_reviewed
200,st very tough,27,36,22,8,18,27,36,22,8,18,short_reaction,short_reaction,"draft label for human review: short_reaction, learner disfluency/repair",57646,human_reviewed
201,feel felt very happy,34,33,22,12,18,34,33,22,12,18,short_reaction,short_reaction,draft label for human review: short_reaction,80,human_reviewed
202,My major is er commerce,27,24,30,8,18,27,24,30,8,18,short_reaction,short_reaction,"draft label for human review: short_reaction, learner disfluency/repair",59321,human_reviewed
203,I mean the circle's room,34,21,30,8,18,34,21,30,8,18,short_reaction,short_reaction,draft label for human review: short_reaction,7493,human_reviewed
204,They went to own home,27,24,32,8,18,27,24,32,8,18,short_reaction,short_reaction,"draft label for human review: short_reaction, learner disfluency/repair",60898,human_reviewed
205,I I janai,27,24,30,8,18,27,24,30,8,18,short_reaction,short_reaction,"draft label for human review: short_reaction, learner disfluency/repair",56698,human_reviewed
206,Oh I see,27,24,30,8,18,27,24,30,8,18,short_reaction,short_reaction,"draft label for human review: short_reaction, learner disfluency/repair",108386,human_reviewed
207,Movie in a theater,27,24,22,12,18,27,24,22,12,18,short_reaction,short_reaction,"draft label for human review: short_reaction, learner disfluency/repair",86391,human_reviewed
208,Suddenly it started raining,27,24,22,8,18,27,24,22,8,18,short_reaction,short_reaction,"draft label for human review: short_reaction, learner disfluency/repair",110454,human_reviewed
209,Hum ma good good area,27,24,22,8,18,27,24,22,8,18,short_reaction,short_reaction,"draft label for human review: short_reaction, learner disfluency/repair",83210,human_reviewed
210,"yeah, reading mails",34,21,22,8,18,34,21,22,8,18,short_reaction,short_reaction,draft label for human review: short_reaction,48330,human_reviewed
211,Erm ten ten yen,27,24,22,8,18,27,24,22,8,18,short_reaction,short_reaction,"draft label for human review: short_reaction, learner disfluency/repair",11165,human_reviewed
212,ah about a car,27,24,22,8,18,27,24,22,8,18,short_reaction,short_reaction,"draft label for human review: short_reaction, learner disfluency/repair",20722,human_reviewed
213,"Recently, I am very busy",27,36,30,8,18,27,36,30,8,18,short_reaction,short_reaction,"draft label for human review: short_reaction, learner disfluency/repair",42423,human_reviewed
214,site And I,34,21,30,8,18,34,21,30,8,18,short_reaction,short_reaction,draft label for human review: short_reaction,27459,human_reviewed
215,doesn't notice the students' attitudes,34,21,22,8,18,34,21,22,8,18,short_reaction,short_reaction,draft label for human review: short_reaction,55471,human_reviewed
216,"Yes err yes, I do",27,24,30,8,18,27,24,30,8,18,short_reaction,short_reaction,"draft label for human review: short_reaction, learner disfluency/repair",87088,human_reviewed
217,Every menu shared,34,21,22,8,18,34,21,22,8,18,short_reaction,short_reaction,draft label for human review: short_reaction,107423,human_reviewed
218,My favorite accessory is pearl,27,24,30,8,18,27,24,30,8,18,short_reaction,short_reaction,"draft label for human review: short_reaction, learner disfluency/repair",41048,human_reviewed
219,Ah because I don't,27,24,30,8,18,27,24,30,8,18,short_reaction,short_reaction,"draft label for human review: short_reaction, learner disfluency/repair",121720,human_reviewed
220,older brother lives there,34,21,32,8,18,34,21,32,8,18,short_reaction,short_reaction,draft label for human review: short_reaction,32567,human_reviewed
221,Umm my fun my fun,27,24,30,8,18,27,24,30,8,18,short_reaction,short_reaction,"draft label for human review: short_reaction, learner disfluency/repair",34154,human_reviewed
222,"Have a nice day, too",34,21,22,8,18,34,21,22,8,18,short_reaction,short_reaction,draft label for human review: short_reaction,37438,human_reviewed
223,My high school,27,24,30,8,18,27,24,30,8,18,short_reaction,short_reaction,"draft label for human review: short_reaction, learner disfluency/repair",80004,human_reviewed
224,Everyone look like an enemy,27,32,22,8,18,27,32,22,8,18,short_reaction,short_reaction,"draft label for human review: short_reaction, learner disfluency/repair",5318,human_reviewed
225,Er near the police station,27,24,22,8,18,27,24,22,8,18,short_reaction,short_reaction,"draft label for human review: short_reaction, learner disfluency/repair",6349,human_reviewed
226,My friend is always win,27,24,40,8,18,27,24,40,8,18,short_reaction,short_reaction,"draft label for human review: short_reaction, personal or direct-address speech, learner disfluency/repair",58905,human_reviewed
227,It's happy end,34,29,22,12,18,34,29,22,12,18,short_reaction,short_reaction,draft label for human review: short_reaction,77872,human_reviewed
228,"Nice to meet you, too",27,24,22,8,18,27,24,22,8,18,short_reaction,short_reaction,"draft label for human review: short_reaction, learner disfluency/repair",99584,human_reviewed
229,two thousand yen,34,21,22,8,18,34,21,22,8,18,short_reaction,short_reaction,draft label for human review: short_reaction,6702,human_reviewed
230,Just sleeping and eating,34,21,22,8,18,34,21,22,8,18,short_reaction,short_reaction,draft label for human review: short_reaction,53149,human_reviewed
231,date and er director's name,27,24,22,8,18,27,24,22,8,18,short_reaction,short_reaction,"draft label for human review: short_reaction, learner disfluency/repair",114365,human_reviewed
232,That's a good question,34,21,22,8,18,34,21,22,8,18,short_reaction,short_reaction,draft label for human review: short_reaction,103940,human_reviewed
233,What's a pretty,34,21,22,8,18,34,21,22,8,18,short_reaction,short_reaction,draft label for human review: short_reaction,86412,human_reviewed
234,I want to go,27,24,30,8,18,27,24,30,8,18,short_reaction,short_reaction,"draft label for human review: short_reaction, learner disfluency/repair",3927,human_reviewed
235,ur I I have exchange,27,24,30,8,18,27,24,30,8,18,short_reaction,short_reaction,"draft label for human review: short_reaction, learner disfluency/repair",101558,human_reviewed
236,where it comes,27,24,22,8,36,27,24,22,8,36,short_reaction,short_reaction,"draft label for human review: short_reaction, learner disfluency/repair",62991,human_reviewed
237,See you later,34,21,22,8,18,34,21,22,8,18,short_reaction,short_reaction,draft label for human review: short_reaction,104250,human_reviewed
238,I don't like him,34,29,30,8,18,34,29,30,8,18,short_reaction,short_reaction,draft label for human review: short_reaction,43409,human_reviewed
239,August nineteenth with my friends,27,24,30,8,18,27,24,30,8,18,short_reaction,short_reaction,"draft label for human review: short_reaction, learner disfluency/repair",60378,human_reviewed
240,"I hope so, too",27,28,30,8,18,27,28,30,8,18,short_reaction,short_reaction,"draft label for human review: short_reaction, learner disfluency/repair",137502,human_reviewed
241,"Everyone thinks so, maybe",27,28,22,8,18,27,28,22,8,18,short_reaction,short_reaction,"draft label for human review: short_reaction, learner disfluency/repair",70276,human_reviewed
242,Yes Of course,27,24,22,8,18,27,24,22,8,18,short_reaction,short_reaction,"draft label for human review: short_reaction, learner disfluency/repair",70066,human_reviewed
243,I bought this ticket,34,21,30,8,18,34,21,30,8,18,short_reaction,short_reaction,draft label for human review: short_reaction,76598,human_reviewed
244,It is very it is,27,36,22,8,18,27,36,22,8,18,short_reaction,short_reaction,"draft label for human review: short_reaction, learner disfluency/repair",119614,human_reviewed
245,I like to watch movies,27,32,30,8,18,27,32,30,8,18,short_reaction,short_reaction,"draft label for human review: short_reaction, learner disfluency/repair",68981,human_reviewed
246,Mm-hm I can't,27,24,30,8,18,27,24,30,8,18,short_reaction,short_reaction,"draft label for human review: short_reaction, learner disfluency/repair",72622,human_reviewed
247,uhm small smaller small,27,24,22,8,18,27,24,22,8,18,short_reaction,short_reaction,"draft label for human review: short_reaction, learner disfluency/repair",102081,human_reviewed
248,I don't know the word,34,21,30,8,18,34,21,30,8,18,short_reaction,short_reaction,draft label for human review: short_reaction,32631,human_reviewed
249,Near Sicily Island,34,21,22,8,18,34,21,22,8,18,short_reaction,short_reaction,draft label for human review: short_reaction,37646,human_reviewed
250,I'm going to work,27,24,30,8,18,27,24,30,8,18,short_reaction,short_reaction,"draft label for human review: short_reaction, learner disfluency/repair",114421,human_reviewed
251,I call you first,34,21,30,8,18,34,21,30,8,18,short_reaction,short_reaction,draft label for human review: short_reaction,29418,human_reviewed
252,I don't like watching soccer,34,29,30,8,18,34,29,30,8,18,short_reaction,short_reaction,draft label for human review: short_reaction,78937,human_reviewed
253,Er I like both,27,32,30,8,18,27,32,30,8,18,short_reaction,short_reaction,"draft label for human review: short_reaction, learner disfluency/repair",122853,human_reviewed
254,De she she paid the money to buy tie,23,35,30,9,18,23,35,30,9,18,mistake_or_hesitation,repair_disfluency,"draft label for human review: repair_disfluency, learner disfluency/repair",117250,human_reviewed
255,We we went to to there uh went there eh by li little ship,23,35,38,9,18,23,35,38,9,18,mistake_or_hesitation,repair_disfluency,"draft label for human review: repair_disfluency, learner disfluency/repair",47799,human_reviewed
256,How mu how mu how many urm un how many uhm the how how much is it,23,35,30,9,36,23,35,30,9,36,mistake_or_hesitation,repair_disfluency,"draft label for human review: repair_disfluency, learner disfluency/repair",112075,human_reviewed
257,Ur I I I also learn,23,35,38,9,18,23,35,38,9,18,mistake_or_hesitation,repair_disfluency,"draft label for human review: repair_disfluency, learner disfluency/repair",112574,human_reviewed
258,So we cannot buy er large large lan land,23,39,38,9,18,23,39,38,9,18,mistake_or_hesitation,repair_disfluency,"draft label for human review: repair_disfluency, learner disfluency/repair",44401,human_reviewed
259,"Er when I was high school student, er er I I went to mm China as er school event",29,39,38,9,18,29,39,38,9,18,mistake_or_hesitation,repair_disfluency,"draft label for human review: repair_disfluency, learner disfluency/repair",20080,human_reviewed
260,"went to Amsterdam in Netherlands, and transit there and wen went to Athens in Greek, and transit again, and we went to Nicholas Island And we we stayed there mmm most",26,41,38,9,18,26,41,38,9,18,mistake_or_hesitation,repair_disfluency,"draft label for human review: repair_disfluency, learner disfluency/repair",39868,human_reviewed
261,"But, in autumn, is is in I feel ur good to go out, and move a lot",20,37,38,9,18,20,37,38,9,18,mistake_or_hesitation,repair_disfluency,"draft label for human review: repair_disfluency, learner disfluency/repair",65613,human_reviewed
262,I think ocean view uum nante good good from ee um rec recly,23,35,38,9,18,23,35,38,9,18,mistake_or_hesitation,repair_disfluency,"draft label for human review: repair_disfluency, learner disfluency/repair",62700,human_reviewed
263,They um ze umm I I waited for you at in the front of umm Hachiko,23,35,38,9,18,23,35,38,9,18,mistake_or_hesitation,repair_disfluency,"draft label for human review: repair_disfluency, learner disfluency/repair",6977,human_reviewed
264,"Mm so er I I think so, too",23,39,38,9,18,23,39,38,9,18,mistake_or_hesitation,repair_disfluency,"draft label for human review: repair_disfluency, learner disfluency/repair",49712,human_reviewed
265,I I prefer err the reason why is er mm I I I I don't like a small restaurant small restaurant,29,47,38,9,18,29,47,38,9,18,mistake_or_hesitation,repair_disfluency,"draft label for human review: repair_disfluency, learner disfluency/repair",45658,human_reviewed
266,"And uu the the children is using rope, and they are talking about mm the pork",23,35,30,9,18,23,35,30,9,18,mistake_or_hesitation,repair_disfluency,"draft label for human review: repair_disfluency, learner disfluency/repair",46008,human_reviewed
267,So so I I go back er with with my works,23,39,38,9,18,23,39,38,9,18,mistake_or_hesitation,repair_disfluency,"draft label for human review: repair_disfluency, learner disfluency/repair",108501,human_reviewed
268,I I look dolphins er eeto my heart is nanda,23,35,38,9,18,23,35,38,9,18,mistake_or_hesitation,repair_disfluency,"draft label for human review: repair_disfluency, learner disfluency/repair",122012,human_reviewed
269,most hm suitable for the for father father,23,35,40,9,18,23,35,40,9,18,mistake_or_hesitation,repair_disfluency,"draft label for human review: repair_disfluency, personal or direct-address speech, learner disfluency/repair",69939,human_reviewed
270,Erm they went to to the river and built a tent,23,35,30,9,18,23,35,30,9,18,mistake_or_hesitation,repair_disfluency,"draft label for human review: repair_disfluency, learner disfluency/repair",48059,human_reviewed
271,mm some kind of a mm pai pair pair er sports,23,35,30,9,18,23,35,30,9,18,mistake_or_hesitation,repair_disfluency,"draft label for human review: repair_disfluency, learner disfluency/repair",114029,human_reviewed
272,"And Irish pub, there are many people and, you know, there and almost all the all all the people in the Irish pub are standing",26,41,30,9,18,26,41,30,9,18,mistake_or_hesitation,repair_disfluency,"draft label for human review: repair_disfluency, learner disfluency/repair",103778,human_reviewed
273,"Nike's Nike's logo mark co logo mark's color is white, ah but ah er the shoes is red",29,39,30,9,18,29,39,30,9,18,mistake_or_hesitation,repair_disfluency,"draft label for human review: repair_disfluency, learner disfluency/repair",89221,human_reviewed
274,They were were eating too much,23,35,30,9,18,23,35,30,9,18,mistake_or_hesitation,repair_disfluency,"draft label for human review: repair_disfluency, learner disfluency/repair",42039,human_reviewed
275,I want to go to um beach and very dry weather and uh uh I want to swimming and fishing,29,51,38,9,18,29,51,38,9,18,mistake_or_hesitation,repair_disfluency,"draft label for human review: repair_disfluency, learner disfluency/repair",17170,human_reviewed
276,Mm but but I'm active as an artist,23,35,38,9,18,23,35,38,9,18,mistake_or_hesitation,repair_disfluency,"draft label for human review: repair_disfluency, learner disfluency/repair",124196,human_reviewed
277,And they they se see er they saw,23,35,30,9,18,23,35,30,9,18,mistake_or_hesitation,repair_disfluency,"draft label for human review: repair_disfluency, learner disfluency/repair",101210,human_reviewed
278,"So, uhm suu she is mhmm mhmm she wants to wants to use the computers, mhm and she communicate with mhm another persons with Internet",26,45,30,9,18,26,45,30,9,18,mistake_or_hesitation,repair_disfluency,"draft label for human review: repair_disfluency, learner disfluency/repair",6953,human_reviewed
279,"And well uhm I think I have I also have book shelf, but I have a more big bigger bigger book shelves",29,39,38,9,18,29,39,38,9,18,mistake_or_hesitation,repair_disfluency,"draft label for human review: repair_disfluency, learner disfluency/repair",54523,human_reviewed
280,"I I don't know the English word, butsukaru",23,35,38,9,18,23,35,38,9,18,mistake_or_hesitation,repair_disfluency,"draft label for human review: repair_disfluency, learner disfluency/repair",13826,human_reviewed
281,sleep on romantic movie So I I like action and horror,23,47,38,13,18,23,47,38,13,18,mistake_or_hesitation,repair_disfluency,"draft label for human review: repair_disfluency, learner disfluency/repair",18658,human_reviewed
282,"Yes, yes But it can't be helped",23,35,30,9,18,23,35,30,9,18,mistake_or_hesitation,repair_disfluency,"draft label for human review: repair_disfluency, learner disfluency/repair",89573,human_reviewed
283,"Urrm many many many many country, I visit",23,35,38,9,18,23,35,38,9,18,mistake_or_hesitation,repair_disfluency,"draft label for human review: repair_disfluency, learner disfluency/repair",15321,human_reviewed
284,"So, since I entered the university, I I started to play badminton, yes",20,41,38,9,18,20,41,38,9,18,mistake_or_hesitation,repair_disfluency,"draft label for human review: repair_disfluency, learner disfluency/repair",20518,human_reviewed
285,"I I hurried, so I maybe",23,39,38,9,18,23,39,38,9,18,mistake_or_hesitation,repair_disfluency,"draft label for human review: repair_disfluency, learner disfluency/repair",38844,human_reviewed
286,Um the mm my son is er three three old now,23,35,38,9,18,23,35,38,9,18,mistake_or_hesitation,repair_disfluency,"draft label for human review: repair_disfluency, learner disfluency/repair",50399,human_reviewed
287,Ah well the door is open and and there is cats and dogs in this room,23,35,30,9,18,23,35,30,9,18,mistake_or_hesitation,repair_disfluency,"draft label for human review: repair_disfluency, learner disfluency/repair",3212,human_reviewed
288,But I think law is basically something erm more hu human human thing and to express human feeling,29,39,38,9,18,29,39,38,9,18,mistake_or_hesitation,repair_disfluency,"draft label for human review: repair_disfluency, learner disfluency/repair",82387,human_reviewed
289,"So , every Sunday, and I I carry wi err I I I brought to I brought to the err practice and match with my son",26,45,38,9,18,26,45,38,9,18,mistake_or_hesitation,repair_disfluency,"draft label for human review: repair_disfluency, learner disfluency/repair",90170,human_reviewed
290,"Oh s sometimes, but not not not such this",23,35,30,9,18,23,35,30,9,18,mistake_or_hesitation,repair_disfluency,"draft label for human review: repair_disfluency, learner disfluency/repair",49732,human_reviewed
291,"But if if it finished uum early, I can go your party",23,35,38,13,18,23,35,38,13,18,mistake_or_hesitation,repair_disfluency,"draft label for human review: repair_disfluency, learner disfluency/repair",124579,human_reviewed
292,I'll come back later When when what time,23,35,38,9,18,23,35,38,9,18,mistake_or_hesitation,repair_disfluency,"draft label for human review: repair_disfluency, learner disfluency/repair",76902,human_reviewed
293,I I want to buy er new shoes,23,35,38,9,18,23,35,38,9,18,mistake_or_hesitation,repair_disfluency,"draft label for human review: repair_disfluency, learner disfluency/repair",77580,human_reviewed
294,"So so we can find them in soap or towel, the front of mm refrigerator, the pillow",20,41,38,9,18,20,41,38,9,18,mistake_or_hesitation,repair_disfluency,"draft label for human review: repair_disfluency, learner disfluency/repair",3429,human_reviewed
295,"And then, er she she left the department store with many bags for her present er not only er her husband, but just she she had many bags",26,41,40,9,18,26,41,40,9,18,mistake_or_hesitation,repair_disfluency,"draft label for human review: repair_disfluency, personal or direct-address speech, learner disfluency/repair",94902,human_reviewed
296,I I like to go shopping,23,43,38,9,18,23,43,38,9,18,mistake_or_hesitation,repair_disfluency,"draft label for human review: repair_disfluency, learner disfluency/repair",59520,human_reviewed
297,Well the urr product maker maker is the same so no problem,23,39,30,9,18,23,39,30,9,18,mistake_or_hesitation,repair_disfluency,"draft label for human review: repair_disfluency, learner disfluency/repair",73752,human_reviewed
298,"At least, erm it it will take er about er five or six hours",23,35,30,9,18,23,35,30,9,18,mistake_or_hesitation,repair_disfluency,"draft label for human review: repair_disfluency, learner disfluency/repair",56262,human_reviewed
299,they they watch ee the monkey,23,35,30,9,18,23,35,30,9,18,mistake_or_hesitation,repair_disfluency,"draft label for human review: repair_disfluency, learner disfluency/repair",44374,human_reviewed
300,Hum sh she ma ma ma making nandaro mm fish fish,23,35,30,9,18,23,35,30,9,18,mistake_or_hesitation,repair_disfluency,"draft label for human review: repair_disfluency, learner disfluency/repair",113725,human_reviewed
301,they chu chu er they choose er choose food in the menu And ordered,23,35,30,9,18,23,35,30,9,18,mistake_or_hesitation,repair_disfluency,"draft label for human review: repair_disfluency, learner disfluency/repair",107414,human_reviewed
302,"But er er in we in weekdays, er I'm very busy",23,47,38,9,18,23,47,38,9,18,mistake_or_hesitation,repair_disfluency,"draft label for human review: repair_disfluency, learner disfluency/repair",61560,human_reviewed
303,"I mean , I've already finished my I mean, ur how how should I say, my cold season last week",26,41,38,9,18,26,41,38,9,18,mistake_or_hesitation,repair_disfluency,"draft label for human review: repair_disfluency, learner disfluency/repair",134553,human_reviewed
304,the the accident was occurred with both,23,35,30,9,18,23,35,30,9,18,mistake_or_hesitation,repair_disfluency,"draft label for human review: repair_disfluency, learner disfluency/repair",38851,human_reviewed
305,"Mhm yes, but this this lesson is",23,35,30,9,18,23,35,30,9,18,mistake_or_hesitation,repair_disfluency,"draft label for human review: repair_disfluency, learner disfluency/repair",9966,human_reviewed
306,Um but um um I want waste I don't want er want to waste this ticket And I will take a train,29,39,38,9,18,29,39,38,9,18,mistake_or_hesitation,repair_disfluency,"draft label for human review: repair_disfluency, learner disfluency/repair",55728,human_reviewed
307,So which which platform should I I should go,23,39,38,9,18,23,39,38,9,18,mistake_or_hesitation,repair_disfluency,"draft label for human review: repair_disfluency, learner disfluency/repair",106645,human_reviewed
308,"So, umm un until until last year, urr I played sports, lacrosse, er for four years",20,41,38,9,18,20,41,38,9,18,mistake_or_hesitation,repair_disfluency,"draft label for human review: repair_disfluency, learner disfluency/repair",24756,human_reviewed
309,how how to get by train,23,35,30,9,36,23,35,30,9,36,mistake_or_hesitation,repair_disfluency,"draft label for human review: repair_disfluency, learner disfluency/repair",81709,human_reviewed
310,Er so I I er I and my parents choose thi this apart er it it its,23,39,38,9,18,23,39,38,9,18,mistake_or_hesitation,repair_disfluency,"draft label for human review: repair_disfluency, learner disfluency/repair",79391,human_reviewed
311,Well usually I go to urr go go out eat dinner,23,35,38,9,18,23,35,38,9,18,mistake_or_hesitation,repair_disfluency,"draft label for human review: repair_disfluency, learner disfluency/repair",26022,human_reviewed
312,"This week and I er tomorrow ah tomorrow or the nec nec I'm sorry, next next day or mm this Saturday, I'm free",36,41,40,9,18,36,41,40,9,18,mistake_or_hesitation,repair_disfluency,"draft label for human review: repair_disfluency, personal or direct-address speech, learner disfluency/repair",9392,human_reviewed
313,And I c ur a few people are having ur ur coffee inside ja the log house,23,35,38,9,18,23,35,38,9,18,mistake_or_hesitation,repair_disfluency,"draft label for human review: repair_disfluency, learner disfluency/repair",134466,human_reviewed
314,Yeah But I I didn't know,23,35,38,9,18,23,35,38,9,18,mistake_or_hesitation,repair_disfluency,"draft label for human review: repair_disfluency, learner disfluency/repair",23964,human_reviewed
315,Mm I I have not yet but maybe,23,35,38,9,18,23,35,38,9,18,mistake_or_hesitation,repair_disfluency,"draft label for human review: repair_disfluency, learner disfluency/repair",113233,human_reviewed
316,Um change the feed ah fee ah feed the food and and er change the water,23,35,30,9,18,23,35,30,9,18,mistake_or_hesitation,repair_disfluency,"draft label for human review: repair_disfluency, learner disfluency/repair",122272,human_reviewed
317,"because, I I have another important ah appointment with our customer on business",23,35,38,9,18,23,35,38,9,18,mistake_or_hesitation,repair_disfluency,"draft label for human review: repair_disfluency, learner disfluency/repair",22683,human_reviewed
318,"But I think ah there is a common common things, that is that is ver we ah they are very peaceful and comfortable atmosphere",29,51,38,9,18,29,51,38,9,18,mistake_or_hesitation,repair_disfluency,"draft label for human review: repair_disfluency, learner disfluency/repair",34718,human_reviewed
319,So he so so they erm they went to the uhm lion site in the zoo,23,39,30,9,18,23,39,30,9,18,mistake_or_hesitation,repair_disfluency,"draft label for human review: repair_disfluency, learner disfluency/repair",48157,human_reviewed
320,I will go up to the ur the I will go up to to the man that works at the train station,29,39,38,9,18,29,39,38,9,18,mistake_or_hesitation,repair_disfluency,"draft label for human review: repair_disfluency, learner disfluency/repair",133566,human_reviewed
321,Urr I like urr I like a jazz and especially urr urr piano session piano session,23,43,38,9,18,23,43,38,9,18,mistake_or_hesitation,repair_disfluency,"draft label for human review: repair_disfluency, learner disfluency/repair",34179,human_reviewed
322,watch the movie with big big music,23,35,30,13,18,23,35,30,13,18,mistake_or_hesitation,repair_disfluency,"draft label for human review: repair_disfluency, learner disfluency/repair",58626,human_reviewed
323,And the truck comes and mm took took took it somewhere,23,35,30,9,18,23,35,30,9,18,mistake_or_hesitation,repair_disfluency,"draft label for human review: repair_disfluency, learner disfluency/repair",39908,human_reviewed
324,So so they said ur good-bye at the ur entrance of the zoo,23,39,30,9,18,23,39,30,9,18,mistake_or_hesitation,repair_disfluency,"draft label for human review: repair_disfluency, learner disfluency/repair",98233,human_reviewed
325,So now I I have no mo no job so uh this time uhm I'm I am I go I'm going to get a lo uh little money each people,29,43,38,9,18,29,43,38,9,18,mistake_or_hesitation,repair_disfluency,"draft label for human review: repair_disfluency, learner disfluency/repair",97463,human_reviewed
326,"Next, erm they they saw a monkey",23,35,30,9,18,23,35,30,9,18,mistake_or_hesitation,repair_disfluency,"draft label for human review: repair_disfluency, learner disfluency/repair",121465,human_reviewed
327,"Er by the way, er let's go out umm movie er on on next Sunday",23,35,30,13,18,23,35,30,13,18,mistake_or_hesitation,repair_disfluency,"draft label for human review: repair_disfluency, learner disfluency/repair",107635,human_reviewed
328,Uum I I wait for you at the Shinjuku Station,23,35,38,9,18,23,35,38,9,18,mistake_or_hesitation,repair_disfluency,"draft label for human review: repair_disfluency, learner disfluency/repair",48947,human_reviewed
329,I think I think he he enjoys his work very much,23,47,38,9,18,23,47,38,9,18,mistake_or_hesitation,repair_disfluency,"draft label for human review: repair_disfluency, learner disfluency/repair",114176,human_reviewed
330,I I can say I like summer,23,43,38,9,18,23,43,38,9,18,mistake_or_hesitation,repair_disfluency,"draft label for human review: repair_disfluency, learner disfluency/repair",208,human_reviewed
331,But er well it's it's fine for now,23,35,30,9,18,23,35,30,9,18,mistake_or_hesitation,repair_disfluency,"draft label for human review: repair_disfluency, learner disfluency/repair",137147,human_reviewed
332,"Mmm er I I ha I have I have seen mmm recently er movie ah "" Yubiwa Monogatari """,23,35,38,13,18,23,35,38,13,18,mistake_or_hesitation,repair_disfluency,"draft label for human review: repair_disfluency, learner disfluency/repair",108060,human_reviewed
333,I'm I'm a fresh man of political science department,23,35,38,9,18,23,35,38,9,18,mistake_or_hesitation,repair_disfluency,"draft label for human review: repair_disfluency, learner disfluency/repair",84273,human_reviewed
334,"So mm but last year, I I broke my fingers",23,39,38,9,18,23,39,38,9,18,mistake_or_hesitation,repair_disfluency,"draft label for human review: repair_disfluency, learner disfluency/repair",78009,human_reviewed
335,"if you have a express train, um I I want to take that",23,35,38,9,18,23,35,38,9,18,mistake_or_hesitation,repair_disfluency,"draft label for human review: repair_disfluency, learner disfluency/repair",50558,human_reviewed
336,"And when she came home, er she she cooked a lot of good food for me",23,35,48,9,36,23,35,48,9,36,mistake_or_hesitation,repair_disfluency,"draft label for human review: repair_disfluency, personal or direct-address speech, learner disfluency/repair",8857,human_reviewed
337,"But er if use the train, and er if I have many many baggage oh it's hard that er not not convenient not no convenience",29,39,38,9,18,29,39,38,9,18,mistake_or_hesitation,repair_disfluency,"draft label for human review: repair_disfluency, learner disfluency/repair",23198,human_reviewed
338,The Taro is little confused confused,23,35,30,9,18,23,35,30,9,18,mistake_or_hesitation,repair_disfluency,"draft label for human review: repair_disfluency, learner disfluency/repair",45714,human_reviewed
339,"My case in my case, uum probably I wear wear",23,35,38,9,18,23,35,38,9,18,mistake_or_hesitation,repair_disfluency,"draft label for human review: repair_disfluency, learner disfluency/repair",86655,human_reviewed
340,"yesterday, I I worked err late at night, so at last night, so very I I am very sleepy now",26,53,38,9,18,26,53,38,9,18,mistake_or_hesitation,repair_disfluency,"draft label for human review: repair_disfluency, learner disfluency/repair",120768,human_reviewed
341,So um how how much does it cost,23,39,30,9,18,23,39,30,9,18,mistake_or_hesitation,repair_disfluency,"draft label for human review: repair_disfluency, learner disfluency/repair",30539,human_reviewed
342,"Last last month, I bought a Play Station Two",23,35,38,9,18,23,35,38,9,18,mistake_or_hesitation,repair_disfluency,"draft label for human review: repair_disfluency, learner disfluency/repair",113666,human_reviewed
343,is member of anmitsu anmitsu kai anmitsu anmitsu de,23,35,30,9,36,23,35,30,9,36,mistake_or_hesitation,repair_disfluency,"draft label for human review: repair_disfluency, learner disfluency/repair",92802,human_reviewed
344,Ah ah where can I get that ticket,23,35,38,9,18,23,35,38,9,18,mistake_or_hesitation,repair_disfluency,"draft label for human review: repair_disfluency, learner disfluency/repair",16404,human_reviewed
345,"Yes, I I was, but uhm last Wee Wednesday, I had a test for exchange programme in my university",26,41,38,9,18,26,41,38,9,18,mistake_or_hesitation,repair_disfluency,"draft label for human review: repair_disfluency, learner disfluency/repair",10467,human_reviewed
346,"Well I think it's a good idea because then um um when you are little, you can learn like faster and better, I think",26,49,38,9,18,26,49,38,9,18,mistake_or_hesitation,repair_disfluency,"draft label for human review: repair_disfluency, learner disfluency/repair",136002,human_reviewed
347,Mm I I study English Literature,23,35,38,9,18,23,35,38,9,18,mistake_or_hesitation,repair_disfluency,"draft label for human review: repair_disfluency, learner disfluency/repair",124028,human_reviewed
348,But but I want to do erm erm it is important that's important,23,35,38,9,18,23,35,38,9,18,mistake_or_hesitation,repair_disfluency,"draft label for human review: repair_disfluency, learner disfluency/repair",82816,human_reviewed
349,Then but the the weather uh still went crazy so they,23,39,30,9,18,23,39,30,9,18,mistake_or_hesitation,repair_disfluency,"draft label for human review: repair_disfluency, learner disfluency/repair",97846,human_reviewed
350,Urr I went urr I went er last last month,23,35,38,9,18,23,35,38,9,18,mistake_or_hesitation,repair_disfluency,"draft label for human review: repair_disfluency, learner disfluency/repair",31361,human_reviewed
351,Uhm do you know uhm wes west uhm do you know urn east east entrance uhm of Shinjuku Station,29,39,30,9,18,29,39,30,9,18,mistake_or_hesitation,repair_disfluency,"draft label for human review: repair_disfluency, learner disfluency/repair",60233,human_reviewed
352,"Ummm even if I don't like it, I I don't go to the shop and say ""I want my money back",29,47,38,9,18,29,47,38,9,18,mistake_or_hesitation,repair_disfluency,"draft label for human review: repair_disfluency, learner disfluency/repair",103679,human_reviewed
353,"it's it's like Japanese one of the Japanese city, and also, Hawa Oahu is a small town",20,45,30,9,18,20,45,30,9,18,mistake_or_hesitation,repair_disfluency,"draft label for human review: repair_disfluency, learner disfluency/repair",32348,human_reviewed
354,"My favorite restaurant is actually more, more friendly",23,35,38,9,18,23,35,38,9,18,mistake_or_hesitation,repair_disfluency,"draft label for human review: repair_disfluency, learner disfluency/repair",3520,human_reviewed
355,uum I I was gave a money from my mother,23,35,48,9,18,23,35,48,9,18,mistake_or_hesitation,repair_disfluency,"draft label for human review: repair_disfluency, personal or direct-address speech, learner disfluency/repair",79823,human_reviewed
356,"Af uh after that, she returned returned returned home",23,35,40,9,18,23,35,40,9,18,mistake_or_hesitation,repair_disfluency,"draft label for human review: repair_disfluency, personal or direct-address speech, learner disfluency/repair",67801,human_reviewed
357,They enters enters the gate of zoo,23,35,30,9,18,23,35,30,9,18,mistake_or_hesitation,repair_disfluency,"draft label for human review: repair_disfluency, learner disfluency/repair",57605,human_reviewed
358,mm for example Marui Marui or Matsuzakaya,23,35,30,9,18,23,35,30,9,18,mistake_or_hesitation,repair_disfluency,"draft label for human review: repair_disfluency, learner disfluency/repair",104572,human_reviewed
359,ee er I met I met her I met her er about ten ten years ago,23,35,38,9,18,23,35,38,9,18,mistake_or_hesitation,repair_disfluency,"draft label for human review: repair_disfluency, learner disfluency/repair",51764,human_reviewed
360,I go to uhh shopping uhm my er live live living area,23,35,38,9,18,23,35,38,9,18,mistake_or_hesitation,repair_disfluency,"draft label for human review: repair_disfluency, learner disfluency/repair",110902,human_reviewed
361,"Er but er Hanako er Hanako strongly wanted er to bring it back to to their house So finally, Taro accepted to do that",29,43,30,9,18,29,43,30,9,18,mistake_or_hesitation,repair_disfluency,"draft label for human review: repair_disfluency, learner disfluency/repair",108352,human_reviewed
362,I I often cook eh Chinese foods,23,35,38,9,18,23,35,38,9,18,mistake_or_hesitation,repair_disfluency,"draft label for human review: repair_disfluency, learner disfluency/repair",50106,human_reviewed
363,"Urr because I the because al urr I wa like to watch the American movies, and ur many many movies are filmed in New York City",29,47,38,9,18,29,47,38,9,18,mistake_or_hesitation,repair_disfluency,"draft label for human review: repair_disfluency, learner disfluency/repair",33437,human_reviewed
364,"But next next week, I will go to ah ski",23,35,38,9,18,23,35,38,9,18,mistake_or_hesitation,repair_disfluency,"draft label for human review: repair_disfluency, learner disfluency/repair",22842,human_reviewed
365,"recently, I I didn I didn't",23,35,38,9,18,23,35,38,9,18,mistake_or_hesitation,repair_disfluency,"draft label for human review: repair_disfluency, learner disfluency/repair",55595,human_reviewed
366,I lived in in England for about five years,23,35,38,9,18,23,35,38,9,18,mistake_or_hesitation,repair_disfluency,"draft label for human review: repair_disfluency, learner disfluency/repair",132082,human_reviewed
367,"Oh oh one day last week,",23,35,30,9,18,23,35,30,9,18,mistake_or_hesitation,repair_disfluency,"draft label for human review: repair_disfluency, learner disfluency/repair",120072,human_reviewed
368,uum his his favorite um his favorite wine the customer,23,35,30,9,18,23,35,30,9,18,mistake_or_hesitation,repair_disfluency,"draft label for human review: repair_disfluency, learner disfluency/repair",124302,human_reviewed
369,"Urr the most thing I I use computer is sorry, is to type urr essay or report urr for for the assignment",39,39,40,9,18,39,39,40,9,18,mistake_or_hesitation,repair_disfluency,"draft label for human review: repair_disfluency, personal or direct-address speech, learner disfluency/repair",10010,human_reviewed
370,"And , therefore, the the one of the nurse was so worried about my face and because I didn't express my happiness or whatever",26,45,38,9,18,26,45,38,9,18,mistake_or_hesitation,repair_disfluency,"draft label for human review: repair_disfluency, learner disfluency/repair",90503,human_reviewed
371,So I like uh I like ss I I rai I write one,23,47,38,9,18,23,47,38,9,18,mistake_or_hesitation,repair_disfluency,"draft label for human review: repair_disfluency, learner disfluency/repair",98268,human_reviewed
372,Korean barbecue is err almost almost Korean barbecue is pig food er pig meat,23,35,30,9,18,23,35,30,9,18,mistake_or_hesitation,repair_disfluency,"draft label for human review: repair_disfluency, learner disfluency/repair",128325,human_reviewed
373,"So, I I feel some sometimes very nervous to say",23,47,38,9,18,23,47,38,9,18,mistake_or_hesitation,repair_disfluency,"draft label for human review: repair_disfluency, learner disfluency/repair",13510,human_reviewed
374,Audiovisual s system audio visual communication system,31,31,39,6,18,31,31,39,6,18,personal_statement,personal_statement,"draft label for human review: personal_statement, learner disfluency/repair",20205,human_reviewed
375,"Urm When the uh at that time, urm I give it up",31,31,47,6,18,31,31,47,6,18,personal_statement,personal_statement,"draft label for human review: personal_statement, personal or direct-address speech, learner disfluency/repair",72257,human_reviewed
376,"I drove the car to go to there and I spend maybe twenty or thirty minutes for skiing, another time I spend just",37,35,47,6,18,37,35,47,6,18,personal_statement,personal_statement,"draft label for human review: personal_statement, personal or direct-address speech, learner disfluency/repair",116012,human_reviewed
377,"So, I think the smoking and non-smoking should be uh separated",31,35,47,6,18,31,35,47,6,18,personal_statement,personal_statement,"draft label for human review: personal_statement, personal or direct-address speech, learner disfluency/repair",1882,human_reviewed
378,Err I'm belong to badminton circle,31,31,47,6,18,31,31,47,6,18,personal_statement,personal_statement,"draft label for human review: personal_statement, personal or direct-address speech, learner disfluency/repair",77454,human_reviewed
379,"Now, I will tell you my cell phone number",31,31,47,6,18,31,31,47,6,18,personal_statement,personal_statement,"draft label for human review: personal_statement, personal or direct-address speech, learner disfluency/repair",36840,human_reviewed
380,"Er at first, I er I got up at err seven o'clock, and I ate big breakfast",28,33,47,6,18,28,33,47,6,18,personal_statement,personal_statement,"draft label for human review: personal_statement, personal or direct-address speech, learner disfluency/repair",7506,human_reviewed
381,Urm and the English level's high,31,31,39,6,18,31,31,39,6,18,personal_statement,personal_statement,"draft label for human review: personal_statement, learner disfluency/repair",136245,human_reviewed
382,And the door is er s slightly opened,31,31,39,6,18,31,31,39,6,18,personal_statement,personal_statement,"draft label for human review: personal_statement, learner disfluency/repair",60959,human_reviewed
383,"Oh that's good So, I got it So, how much is it",28,37,47,6,18,28,37,47,6,18,personal_statement,personal_statement,"draft label for human review: personal_statement, personal or direct-address speech, learner disfluency/repair",60075,human_reviewed
384,By the rearrangement of the er working roles in the department,31,31,39,6,18,31,31,39,6,18,personal_statement,personal_statement,"draft label for human review: personal_statement, learner disfluency/repair",29262,human_reviewed
385,And there's lots of grocery stores and convenient stores,31,31,39,6,18,31,31,39,6,18,personal_statement,personal_statement,"draft label for human review: personal_statement, learner disfluency/repair",136071,human_reviewed
386,It doesn't matter much to me,31,31,47,6,18,31,31,47,6,18,personal_statement,personal_statement,"draft label for human review: personal_statement, personal or direct-address speech, learner disfluency/repair",126945,human_reviewed
387,"parties Christmas parties or new year's parties, and at new year's, I will go back to my hometown",34,37,47,6,18,34,37,47,6,18,personal_statement,personal_statement,"draft label for human review: personal_statement, personal or direct-address speech, learner disfluency/repair",23572,human_reviewed
388,And my friends is go to some international school in Mexico,31,31,47,6,18,31,31,47,6,18,personal_statement,personal_statement,"draft label for human review: personal_statement, personal or direct-address speech, learner disfluency/repair",75521,human_reviewed
389,Oh I take Saikyo Line um er from Toda Station to Shibuya Station,31,31,47,6,18,31,31,47,6,18,personal_statement,personal_statement,"draft label for human review: personal_statement, personal or direct-address speech, learner disfluency/repair",86755,human_reviewed
390,"My daughter in the hospital quickly""",31,31,47,6,18,31,31,47,6,18,personal_statement,personal_statement,"draft label for human review: personal_statement, personal or direct-address speech, learner disfluency/repair",54264,human_reviewed
391,Ah do you know the police box in wet West exit,31,31,39,6,18,31,31,39,6,18,personal_statement,personal_statement,"draft label for human review: personal_statement, learner disfluency/repair",114804,human_reviewed
392,China the er I like the best,31,39,47,6,18,31,39,47,6,18,personal_statement,personal_statement,"draft label for human review: personal_statement, personal or direct-address speech, learner disfluency/repair",101553,human_reviewed
393,"Last week, I went to see the cinema with my friend in college",31,31,57,6,18,31,31,57,6,18,personal_statement,personal_statement,"draft label for human review: personal_statement, personal or direct-address speech, learner disfluency/repair",65971,human_reviewed
394,I'm going to New York and hurry,31,31,47,6,18,31,31,47,6,18,personal_statement,personal_statement,"draft label for human review: personal_statement, personal or direct-address speech, learner disfluency/repair",9322,human_reviewed
395,"Then I had school, met my friends, and I was waiting for this interview",28,33,47,6,18,28,33,47,6,18,personal_statement,personal_statement,"draft label for human review: personal_statement, personal or direct-address speech, learner disfluency/repair",129874,human_reviewed
396,"Um this is so emergency er condition, so I have to go back, you know",28,37,47,6,18,28,37,47,6,18,personal_statement,personal_statement,"draft label for human review: personal_statement, personal or direct-address speech, learner disfluency/repair",137859,human_reviewed
397,"First, err I love I love to eat delicious dishes",31,39,47,6,18,31,39,47,6,18,personal_statement,personal_statement,"draft label for human review: personal_statement, personal or direct-address speech, learner disfluency/repair",76677,human_reviewed
398,Err my husband um is a scholar,31,31,57,6,18,31,31,57,6,18,personal_statement,personal_statement,"draft label for human review: personal_statement, personal or direct-address speech, learner disfluency/repair",87467,human_reviewed
399,"The woman wearing a pink suit was t take was taking her dog out for walk, I don't know",37,35,47,6,18,37,35,47,6,18,personal_statement,personal_statement,"draft label for human review: personal_statement, personal or direct-address speech, learner disfluency/repair",136109,human_reviewed
400,"mm therefore, I could not sh don't I could not enjoy therefore skiing",41,31,49,10,18,41,31,49,10,18,personal_statement,personal_statement,"draft label for human review: personal_statement, personal or direct-address speech, learner disfluency/repair",29411,human_reviewed
401,eat something are something to drink,31,31,39,6,18,31,31,39,6,18,personal_statement,personal_statement,"draft label for human review: personal_statement, learner disfluency/repair",119036,human_reviewed
402,"The school is very comt comfortable and students are very some students are very noisy but hm the atmosphere in the school is O K, I think",37,47,47,6,18,37,47,47,6,18,personal_statement,personal_statement,"draft label for human review: personal_statement, personal or direct-address speech, learner disfluency/repair",96469,human_reviewed
403,"It's easy than speak American or British, I think",31,31,47,6,18,31,31,47,6,18,personal_statement,personal_statement,"draft label for human review: personal_statement, personal or direct-address speech, learner disfluency/repair",19920,human_reviewed
404,But I could I can't take her home,48,28,59,6,18,48,28,59,6,18,personal_statement,personal_statement,"draft label for human review: personal_statement, personal or direct-address speech",75266,human_reviewed
405,And we had a very good umm restaurant,31,43,47,6,18,31,43,47,6,18,personal_statement,personal_statement,"draft label for human review: personal_statement, personal or direct-address speech, learner disfluency/repair",109705,human_reviewed
406,"Hawaii, England, France, Italy, mm Thailand, Philippines, Hong-Kong, China",35,30,39,6,18,35,30,39,6,18,personal_statement,personal_statement,draft label for human review: personal_statement,75409,human_reviewed
407,My current job is concern with erm worker's compensation insurance,31,31,47,6,18,31,31,47,6,18,personal_statement,personal_statement,"draft label for human review: personal_statement, personal or direct-address speech, learner disfluency/repair",95441,human_reviewed
408,"Last Sunday uh last Sunday, I cooked paella",31,31,47,6,18,31,31,47,6,18,personal_statement,personal_statement,"draft label for human review: personal_statement, personal or direct-address speech, learner disfluency/repair",67076,human_reviewed
409,And erm the erm enjoyable time were going and going,31,31,39,6,18,31,31,39,6,18,personal_statement,personal_statement,"draft label for human review: personal_statement, learner disfluency/repair",94787,human_reviewed
410,So I want to lunch I want to eat lunch with me with you,31,35,47,6,18,31,35,47,6,18,personal_statement,personal_statement,"draft label for human review: personal_statement, personal or direct-address speech, learner disfluency/repair",31379,human_reviewed
411,Um err I went to shopping in Jusco,31,31,47,6,18,31,31,47,6,18,personal_statement,personal_statement,"draft label for human review: personal_statement, personal or direct-address speech, learner disfluency/repair",52807,human_reviewed
412,"Urr so, ha urr ha how about we go to McDonald near Shinjuku Station",31,35,47,6,18,31,35,47,6,18,personal_statement,personal_statement,"draft label for human review: personal_statement, personal or direct-address speech, learner disfluency/repair",6770,human_reviewed
413,Ticket is er two thousand yen,31,31,39,6,18,31,31,39,6,18,personal_statement,personal_statement,"draft label for human review: personal_statement, learner disfluency/repair",121047,human_reviewed
414,I have a cat and dog in my house,31,31,47,6,18,31,31,47,6,18,personal_statement,personal_statement,"draft label for human review: personal_statement, personal or direct-address speech, learner disfluency/repair",9640,human_reviewed
415,"I have to, because I cannot cook by myself , so I have to go out eating, though I don't like",34,49,47,6,18,34,49,47,6,18,personal_statement,personal_statement,"draft label for human review: personal_statement, personal or direct-address speech, learner disfluency/repair",3516,human_reviewed
416,it i it may it might be,41,31,49,6,18,41,31,49,6,18,personal_statement,personal_statement,"draft label for human review: personal_statement, personal or direct-address speech, learner disfluency/repair",68840,human_reviewed
417,Oh mhm how much the ticket,31,31,39,6,18,31,31,39,6,18,personal_statement,personal_statement,"draft label for human review: personal_statement, learner disfluency/repair",117375,human_reviewed
418,"But well next time, I really love to go there",31,43,47,6,18,31,43,47,6,18,personal_statement,personal_statement,"draft label for human review: personal_statement, personal or direct-address speech, learner disfluency/repair",104952,human_reviewed
419,"Yes, very much from my heart",31,43,47,6,18,31,43,47,6,18,personal_statement,personal_statement,"draft label for human review: personal_statement, personal or direct-address speech, learner disfluency/repair",44267,human_reviewed
420,"So, I wake up ahh without su sleepy",31,35,47,6,18,31,35,47,6,18,personal_statement,personal_statement,"draft label for human review: personal_statement, personal or direct-address speech, learner disfluency/repair",22618,human_reviewed
421,I sometimes go to urr theater to watch new cinema,31,31,47,6,18,31,31,47,6,18,personal_statement,personal_statement,"draft label for human review: personal_statement, personal or direct-address speech, learner disfluency/repair",112512,human_reviewed
422,Er I can ah I want to skiing,31,31,47,6,18,31,31,47,6,18,personal_statement,personal_statement,"draft label for human review: personal_statement, personal or direct-address speech, learner disfluency/repair",121832,human_reviewed
423,"near the house, eeto two boys playing with a ball",38,28,39,6,18,38,28,39,6,18,personal_statement,personal_statement,draft label for human review: personal_statement,74888,human_reviewed
424,Erm I will go to gym,31,31,47,6,18,31,31,47,6,18,personal_statement,personal_statement,"draft label for human review: personal_statement, personal or direct-address speech, learner disfluency/repair",82559,human_reviewed
425,Um maybe ten times a week,31,31,39,6,18,31,31,39,6,18,personal_statement,personal_statement,"draft label for human review: personal_statement, learner disfluency/repair",132726,human_reviewed
426,bring everything mm would bring everything,41,31,41,6,18,41,31,41,6,18,personal_statement,personal_statement,"draft label for human review: personal_statement, personal or direct-address speech, learner disfluency/repair",128867,human_reviewed
427,Oh um so uum how about on Sunday,31,35,39,6,18,31,35,39,6,18,personal_statement,personal_statement,"draft label for human review: personal_statement, learner disfluency/repair",124384,human_reviewed
428,"Uhm err I'd like to choice er the fir err first er sorry, err I I'd like to choice that er I can er reach the New York City as er first",47,43,49,6,18,47,43,49,6,18,personal_statement,personal_statement,"draft label for human review: personal_statement, personal or direct-address speech, learner disfluency/repair",51260,human_reviewed
429,Uhm my father is forty-nine years old,31,31,57,6,18,31,31,57,6,18,personal_statement,personal_statement,"draft label for human review: personal_statement, personal or direct-address speech, learner disfluency/repair",91418,human_reviewed
430,um I present her err engage ring,31,31,47,6,18,31,31,47,6,18,personal_statement,personal_statement,"draft label for human review: personal_statement, personal or direct-address speech, learner disfluency/repair",86171,human_reviewed
431,and I eat we ate some nice food,31,31,47,6,18,31,31,47,6,18,personal_statement,personal_statement,"draft label for human review: personal_statement, personal or direct-address speech, learner disfluency/repair",85649,human_reviewed
432,er the all of seat so no one can cannot seat,31,35,39,6,18,31,35,39,6,18,personal_statement,personal_statement,"draft label for human review: personal_statement, learner disfluency/repair",13383,human_reviewed
433,Err we have err internal dinner room,31,31,47,6,18,31,31,47,6,18,personal_statement,personal_statement,"draft label for human review: personal_statement, personal or direct-address speech, learner disfluency/repair",85684,human_reviewed
434,"And in addition, I tend to be, ur anemia recently",28,33,47,6,18,28,33,47,6,18,personal_statement,personal_statement,"draft label for human review: personal_statement, personal or direct-address speech, learner disfluency/repair",9765,human_reviewed
435,And I was a I was a very good student,38,40,47,6,18,38,40,47,6,18,personal_statement,personal_statement,"draft label for human review: personal_statement, personal or direct-address speech",86938,human_reviewed
436,we can not see we can not see the such a sightseeing in Japan,31,31,47,6,18,31,31,47,6,18,personal_statement,personal_statement,"draft label for human review: personal_statement, personal or direct-address speech, learner disfluency/repair",8760,human_reviewed
437,So I watch I watch the T-shirts or um pants,31,35,47,6,18,31,35,47,6,18,personal_statement,personal_statement,"draft label for human review: personal_statement, personal or direct-address speech, learner disfluency/repair",54401,human_reviewed
438,"There are subway er but urm that time, I didn't get on the subway",31,31,47,6,18,31,31,47,6,18,personal_statement,personal_statement,"draft label for human review: personal_statement, personal or direct-address speech, learner disfluency/repair",101948,human_reviewed
439,And er erm my wife's er my wife's er ring size erm I guess around eight or nine,37,35,47,6,18,37,35,47,6,18,personal_statement,personal_statement,"draft label for human review: personal_statement, personal or direct-address speech, learner disfluency/repair",61765,human_reviewed
440,"and zoo, so I think this uhm this city is",31,35,47,6,18,31,35,47,6,18,personal_statement,personal_statement,"draft label for human review: personal_statement, personal or direct-address speech, learner disfluency/repair",7290,human_reviewed
441,"Then in that case, I will have to come back here again",31,31,47,6,18,31,31,47,6,18,personal_statement,personal_statement,"draft label for human review: personal_statement, personal or direct-address speech, learner disfluency/repair",134648,human_reviewed
442,the school may have free style,48,28,41,6,18,48,28,41,6,18,personal_statement,personal_statement,"draft label for human review: personal_statement, personal or direct-address speech",48010,human_reviewed
443,And I speak uum ee to dog guchi,31,31,47,6,18,31,31,47,6,18,personal_statement,personal_statement,"draft label for human review: personal_statement, personal or direct-address speech, learner disfluency/repair",86220,human_reviewed
444,My high school is mm very strictly about a us to study,31,43,47,6,18,31,43,47,6,18,personal_statement,personal_statement,"draft label for human review: personal_statement, personal or direct-address speech, learner disfluency/repair",21009,human_reviewed
445,So I'm not good at skiing very well,31,43,47,6,18,31,43,47,6,18,personal_statement,personal_statement,"draft label for human review: personal_statement, personal or direct-address speech, learner disfluency/repair",93970,human_reviewed
446,"And I think tennis, you need a lot more strength in the arms",31,31,47,6,18,31,31,47,6,18,personal_statement,personal_statement,"draft label for human review: personal_statement, personal or direct-address speech, learner disfluency/repair",136270,human_reviewed
447,And teacher is teaching uum about ma mathematics to the students,31,31,39,6,18,31,31,39,6,18,personal_statement,personal_statement,"draft label for human review: personal_statement, learner disfluency/repair",53855,human_reviewed
448,"They're doing skiing, and also, I see err several kids playing snowball playing",35,30,47,6,18,35,30,47,6,18,personal_statement,personal_statement,"draft label for human review: personal_statement, personal or direct-address speech",90523,human_reviewed
449,"Um excuse me, um urm I'd urm I'd like to go to New York",41,39,49,6,18,41,39,49,6,18,personal_statement,personal_statement,"draft label for human review: personal_statement, personal or direct-address speech, learner disfluency/repair",15307,human_reviewed
450,ah is ah is created for us,31,31,39,6,18,31,31,39,6,18,personal_statement,personal_statement,"draft label for human review: personal_statement, learner disfluency/repair",103386,human_reviewed
451,"Er I can't fix when it's broken or like,",31,39,47,6,18,31,39,47,6,18,personal_statement,personal_statement,"draft label for human review: personal_statement, personal or direct-address speech, learner disfluency/repair",131576,human_reviewed
452,"Oh how much, the local train",31,31,39,6,36,31,31,39,6,36,personal_statement,personal_statement,"draft label for human review: personal_statement, learner disfluency/repair",122069,human_reviewed
453,I'm not so good at uh computer,31,35,47,6,18,31,35,47,6,18,personal_statement,personal_statement,"draft label for human review: personal_statement, personal or direct-address speech, learner disfluency/repair",71270,human_reviewed
454,So um how much is express er express train,31,35,39,6,18,31,35,39,6,18,personal_statement,personal_statement,"draft label for human review: personal_statement, learner disfluency/repair",19910,human_reviewed
455,And fish foo fish food fish is matching white wine,31,31,39,6,18,31,31,39,6,18,personal_statement,personal_statement,"draft label for human review: personal_statement, learner disfluency/repair",66669,human_reviewed
456,erm at erm seven o'clock in the afternoon,31,31,39,6,18,31,31,39,6,18,personal_statement,personal_statement,"draft label for human review: personal_statement, learner disfluency/repair",95138,human_reviewed
457,I is there something to drink,31,31,47,6,18,31,31,47,6,18,personal_statement,personal_statement,"draft label for human review: personal_statement, personal or direct-address speech, learner disfluency/repair",134261,human_reviewed
458,go do you get to movie,31,31,39,10,18,31,31,39,10,18,personal_statement,personal_statement,"draft label for human review: personal_statement, learner disfluency/repair",79424,human_reviewed
459,"in my house, and er reading a book or watching a T Vs",31,31,47,6,18,31,31,47,6,18,personal_statement,personal_statement,"draft label for human review: personal_statement, personal or direct-address speech, learner disfluency/repair",13282,human_reviewed
460,"Urm no, I go back home, and today I I'll go to bed",28,33,57,6,18,28,33,57,6,18,personal_statement,personal_statement,"draft label for human review: personal_statement, personal or direct-address speech, learner disfluency/repair",117469,human_reviewed
461,"So, I'd like to buy the ah super express",31,43,47,6,18,31,43,47,6,18,personal_statement,personal_statement,"draft label for human review: personal_statement, personal or direct-address speech, learner disfluency/repair",22920,human_reviewed
462,"But, uh in a home, I opened the packages, the, how can I say, colors something different my from my image",34,37,57,6,18,34,37,57,6,18,personal_statement,personal_statement,"draft label for human review: personal_statement, personal or direct-address speech, learner disfluency/repair",67137,human_reviewed
463,"So I need to uh I need help But if I have the driver,",31,35,47,6,18,31,35,47,6,18,personal_statement,personal_statement,"draft label for human review: personal_statement, personal or direct-address speech, learner disfluency/repair",3469,human_reviewed
464,I'm fine thank you And you,48,28,49,6,18,48,28,49,6,18,personal_statement,personal_statement,"draft label for human review: personal_statement, personal or direct-address speech",9549,human_reviewed
465,I spend my time to u er to work,31,31,47,6,18,31,31,47,6,18,personal_statement,personal_statement,"draft label for human review: personal_statement, personal or direct-address speech, learner disfluency/repair",87917,human_reviewed
466,"em stay at hotel and at that time, I wanted to get a discount",31,31,47,6,18,31,31,47,6,18,personal_statement,personal_statement,"draft label for human review: personal_statement, personal or direct-address speech, learner disfluency/repair",14003,human_reviewed
467,"So if you can't change, I would not tell anyone",41,35,49,6,18,41,35,49,6,18,personal_statement,personal_statement,"draft label for human review: personal_statement, personal or direct-address speech, learner disfluency/repair",44542,human_reviewed
468,I wanted to eat er for lunch,31,31,47,6,18,31,31,47,6,18,personal_statement,personal_statement,"draft label for human review: personal_statement, personal or direct-address speech, learner disfluency/repair",88596,human_reviewed
469,uhm com comfortable and relax And two ladies,31,31,39,6,18,31,31,39,6,18,personal_statement,personal_statement,"draft label for human review: personal_statement, learner disfluency/repair",64573,human_reviewed
470,"it take one and a half hour to come ,",31,31,39,6,18,31,31,39,6,18,personal_statement,personal_statement,"draft label for human review: personal_statement, learner disfluency/repair",59026,human_reviewed
471,"someones are not so good at skiing, so I think he is er almost",31,35,47,6,18,31,35,47,6,18,personal_statement,personal_statement,"draft label for human review: personal_statement, personal or direct-address speech, learner disfluency/repair",89628,human_reviewed
472,Uhm and it is nine o'clock,31,31,39,6,18,31,31,39,6,18,personal_statement,personal_statement,"draft label for human review: personal_statement, learner disfluency/repair",10002,human_reviewed
473,Er my major is International Economics,31,31,47,6,18,31,31,47,6,18,personal_statement,personal_statement,"draft label for human review: personal_statement, personal or direct-address speech, learner disfluency/repair",123068,human_reviewed
474,"about uhm fifteen years ago, urm I was uu jazz musician",31,31,47,6,18,31,31,47,6,18,personal_statement,personal_statement,"draft label for human review: personal_statement, personal or direct-address speech, learner disfluency/repair",62022,human_reviewed
475,"And, for one month, and I stay stayed there in host family",28,33,57,6,18,28,33,57,6,18,personal_statement,personal_statement,"draft label for human review: personal_statement, personal or direct-address speech, learner disfluency/repair",14615,human_reviewed
476,"I have to um in package tour, but um it includes many free plan and um I enjoyed um f freely",37,35,47,6,18,37,35,47,6,18,personal_statement,personal_statement,"draft label for human review: personal_statement, personal or direct-address speech, learner disfluency/repair",50685,human_reviewed
477,And ah I was uhm going I was going to another urr party,31,31,47,10,18,31,31,47,10,18,personal_statement,personal_statement,"draft label for human review: personal_statement, personal or direct-address speech, learner disfluency/repair",111506,human_reviewed
478,"Yeah, I like action movie, yeah",35,38,47,10,18,35,38,47,10,18,personal_statement,personal_statement,"draft label for human review: personal_statement, personal or direct-address speech",23904,human_reviewed
479,"Um I'm fine, but um still nervous a little bit nervous",31,31,47,6,18,31,31,47,6,18,personal_statement,personal_statement,"draft label for human review: personal_statement, personal or direct-address speech, learner disfluency/repair",44475,human_reviewed
480,Em and my mother works in office near,31,31,57,6,18,31,31,57,6,18,personal_statement,personal_statement,"draft label for human review: personal_statement, personal or direct-address speech, learner disfluency/repair",74463,human_reviewed
481,And we laughed and but we had a great time at the hotel,31,31,47,6,18,31,31,47,6,18,personal_statement,personal_statement,"draft label for human review: personal_statement, personal or direct-address speech, learner disfluency/repair",133027,human_reviewed
482,er drinking some tea or something,31,31,39,6,18,31,31,39,6,18,personal_statement,personal_statement,"draft label for human review: personal_statement, learner disfluency/repair",107095,human_reviewed
483,And ur I sp I spend mm la,31,31,47,6,18,31,31,47,6,18,personal_statement,personal_statement,"draft label for human review: personal_statement, personal or direct-address speech, learner disfluency/repair",11327,human_reviewed
484,it looks like a like a remains of old temples,31,39,39,6,18,31,39,39,6,18,personal_statement,personal_statement,"draft label for human review: personal_statement, learner disfluency/repair",33606,human_reviewed
485,Er how much er to New York,31,31,39,6,18,31,31,39,6,18,personal_statement,personal_statement,"draft label for human review: personal_statement, learner disfluency/repair",30394,human_reviewed
486,"And second, ee my daughter is uum three years old",31,31,47,6,18,31,31,47,6,18,personal_statement,personal_statement,"draft label for human review: personal_statement, personal or direct-address speech, learner disfluency/repair",76460,human_reviewed
487,"Instead, I started picking up playing the blues harmonica",31,31,47,6,18,31,31,47,6,18,personal_statement,personal_statement,"draft label for human review: personal_statement, personal or direct-address speech, learner disfluency/repair",134573,human_reviewed
488,urr I met sh her here,31,31,47,6,18,31,31,47,6,18,personal_statement,personal_statement,"draft label for human review: personal_statement, personal or direct-address speech, learner disfluency/repair",63394,human_reviewed
489,"But when I have free time, I go to the gym and shape myself",31,31,47,6,36,31,31,47,6,36,personal_statement,personal_statement,"draft label for human review: personal_statement, personal or direct-address speech, learner disfluency/repair",138594,human_reviewed
490,And she is a assurance company's er she work in assurance company of life and I will err make contract uum make the err life assurance,37,35,47,6,18,37,35,47,6,18,personal_statement,personal_statement,"draft label for human review: personal_statement, personal or direct-address speech, learner disfluency/repair",86181,human_reviewed
491,I have to go back home quickly,31,31,57,6,18,31,31,57,6,18,personal_statement,personal_statement,"draft label for human review: personal_statement, personal or direct-address speech, learner disfluency/repair",125917,human_reviewed
492,Umm I prefer urr reading books urr to watching m movie and T V,31,31,47,10,18,31,31,47,10,18,personal_statement,personal_statement,"draft label for human review: personal_statement, personal or direct-address speech, learner disfluency/repair",30681,human_reviewed
493,"And ur that was a kind of a anniversary hmm get together, because that wa er we er next June, er there will be a twentieth anniversary of my wedding our wedding",34,37,47,6,18,34,37,47,6,18,personal_statement,personal_statement,"draft label for human review: personal_statement, personal or direct-address speech, learner disfluency/repair",139266,human_reviewed
494,A cat is sleeping err on the top of the car,35,33,24,6,18,35,33,24,6,18,narrative_description,narrative_description,"draft label for human review: narrative_description, learner disfluency/repair",91174,human_reviewed
495,He arranged ur he has arranged uum kabuki ee more contemporary style,35,33,24,6,18,35,33,24,6,18,narrative_description,narrative_description,"draft label for human review: narrative_description, learner disfluency/repair",76216,human_reviewed
496,hum anxious for taking back taking the cat back,42,30,24,6,18,42,30,24,6,18,narrative_description,narrative_description,draft label for human review: narrative_description,25092,human_reviewed
497,"Mhm-hum So, that is the fastest",35,37,24,6,18,35,37,24,6,18,narrative_description,narrative_description,"draft label for human review: narrative_description, learner disfluency/repair",23171,human_reviewed
498,two issues there were two issues,42,30,24,6,18,42,30,24,6,18,narrative_description,narrative_description,draft label for human review: narrative_description,27639,human_reviewed
499,So she's waiting the printer er the pa erm err waiting to come the come out the paper,41,41,24,6,18,41,41,24,6,18,narrative_description,narrative_description,"draft label for human review: narrative_description, learner disfluency/repair",95673,human_reviewed
500,Mm and mm this restaurant is very popular among the couple er couples,35,45,24,6,18,35,45,24,6,18,narrative_description,narrative_description,"draft label for human review: narrative_description, learner disfluency/repair",22381,human_reviewed
501,"Actually, this is a er private lesson",35,33,24,6,18,35,33,24,6,18,narrative_description,narrative_description,"draft label for human review: narrative_description, learner disfluency/repair",137264,human_reviewed
502,"by that time, the weather beca became even worse",35,33,24,6,18,35,33,24,6,18,narrative_description,narrative_description,"draft label for human review: narrative_description, learner disfluency/repair",26581,human_reviewed
503,Mmm there are other two couples are eating dinner and having fun,42,30,24,6,18,42,30,24,6,18,narrative_description,narrative_description,draft label for human review: narrative_description,38335,human_reviewed
504,chose Rocky for a challenger And then he,35,33,24,6,18,35,33,24,6,18,narrative_description,narrative_description,"draft label for human review: narrative_description, learner disfluency/repair",100139,human_reviewed
505,Because mhmm that job is was for short term,35,33,24,6,18,35,33,24,6,18,narrative_description,narrative_description,"draft label for human review: narrative_description, learner disfluency/repair",4085,human_reviewed
506,"Ah to include that, it would be seven students",45,33,26,6,18,45,33,26,6,18,narrative_description,narrative_description,"draft label for human review: narrative_description, learner disfluency/repair",126995,human_reviewed
507,And um people wearing like really colorful ski wears,42,42,24,6,18,42,42,24,6,18,narrative_description,narrative_description,draft label for human review: narrative_description,59374,human_reviewed
508,"take them ss their ss house So uh finally, he took",35,37,24,6,18,35,37,24,6,18,narrative_description,narrative_description,"draft label for human review: narrative_description, learner disfluency/repair",74306,human_reviewed
509,"But he never pay, you know, money for us",32,35,24,6,18,32,35,24,6,18,narrative_description,narrative_description,"draft label for human review: narrative_description, learner disfluency/repair",37564,human_reviewed
510,her parents didn't know where she was And ur that was the big problem,42,30,24,6,18,42,30,24,6,18,narrative_description,narrative_description,draft label for human review: narrative_description,32893,human_reviewed
511,"Yes, er Edinburgh Castle is very beautiful in night in the night",35,45,24,6,18,35,45,24,6,18,narrative_description,narrative_description,"draft label for human review: narrative_description, learner disfluency/repair",3335,human_reviewed
512,And er it has more breathing space than that in Japan because of the width of the country,41,37,24,6,18,41,37,24,6,18,narrative_description,narrative_description,"draft label for human review: narrative_description, learner disfluency/repair",137576,human_reviewed
513,"She is very good at cooking,",35,45,24,6,18,35,45,24,6,18,narrative_description,narrative_description,"draft label for human review: narrative_description, learner disfluency/repair",54586,human_reviewed
514,So she asked Takashi em again and again But Takashi didn't like cats,35,45,24,6,18,35,45,24,6,18,narrative_description,narrative_description,"draft label for human review: narrative_description, learner disfluency/repair",35630,human_reviewed
515,and I'll explain the result of this test,35,33,32,6,18,35,33,32,6,18,narrative_description,narrative_description,"draft label for human review: narrative_description, learner disfluency/repair",125007,human_reviewed
516,So she uh she go to a English conversation school once a week,35,37,24,6,18,35,37,24,6,18,narrative_description,narrative_description,"draft label for human review: narrative_description, learner disfluency/repair",67296,human_reviewed
517,"One day last week, a boy and er his girlfriend walking on the s ah walked on the street",41,37,24,6,18,41,37,24,6,18,narrative_description,narrative_description,"draft label for human review: narrative_description, learner disfluency/repair",75240,human_reviewed
518,And behind her ah she has a cat one cat and one dog,42,30,24,6,18,42,30,24,6,18,narrative_description,narrative_description,draft label for human review: narrative_description,1977,human_reviewed
519,Uhm so she uhmm she bought the necktie with green colors,35,37,24,6,18,35,37,24,6,18,narrative_description,narrative_description,"draft label for human review: narrative_description, learner disfluency/repair",6995,human_reviewed
520,and ur she is now interesting in ur uhm art,35,33,24,10,18,35,33,24,10,18,narrative_description,narrative_description,"draft label for human review: narrative_description, learner disfluency/repair",111479,human_reviewed
521,err there are uum in the text books,35,33,24,6,18,35,33,24,6,18,narrative_description,narrative_description,"draft label for human review: narrative_description, learner disfluency/repair",126267,human_reviewed
522,Um the kitty er the kitty was so cute that uh she wanted him to ur she wanted to er she wanted to keep him keep her,41,41,24,6,18,41,41,24,6,18,narrative_description,narrative_description,"draft label for human review: narrative_description, learner disfluency/repair",137248,human_reviewed
523,"And or "" Would you like wh are you interested in Ballet or something like that",45,41,26,6,18,45,41,26,6,18,narrative_description,narrative_description,"draft label for human review: narrative_description, learner disfluency/repair",106741,human_reviewed
524,The guy of the couple is tasting the a glass of wine,35,33,24,6,18,35,33,24,6,18,narrative_description,narrative_description,"draft label for human review: narrative_description, learner disfluency/repair",94605,human_reviewed
525,"She was so little, and but she doesn't she didn't frighten,",32,39,24,6,18,32,39,24,6,18,narrative_description,narrative_description,"draft label for human review: narrative_description, learner disfluency/repair",119354,human_reviewed
526,is listening to the teacher carefully And every student studies studied very hard,35,45,24,6,36,35,45,24,6,36,narrative_description,narrative_description,"draft label for human review: narrative_description, learner disfluency/repair",17767,human_reviewed
527,"But now marriage or engaged, but they are very um wonderful time they are having",35,45,24,6,18,35,45,24,6,18,narrative_description,narrative_description,"draft label for human review: narrative_description, learner disfluency/repair",54242,human_reviewed
528,"And er she needs somebody to look to look So, in turn,",32,39,24,6,18,32,39,24,6,18,narrative_description,narrative_description,"draft label for human review: narrative_description, learner disfluency/repair",39466,human_reviewed
529,"mm and asked him, ""How about this necktie",35,33,24,6,18,35,33,24,6,18,narrative_description,narrative_description,"draft label for human review: narrative_description, learner disfluency/repair",9406,human_reviewed
530,An older man is sitting on a bench reading a newspaper,35,33,24,6,18,35,33,24,6,18,narrative_description,narrative_description,"draft label for human review: narrative_description, learner disfluency/repair",38739,human_reviewed
531,A girl in fro in front of the personal computer is sitting a chair,35,33,24,6,18,35,33,24,6,18,narrative_description,narrative_description,"draft label for human review: narrative_description, learner disfluency/repair",82157,human_reviewed
532,"And well and there are some speakers in the um cassette tape recorder or something, yeah, on the shelf book shelf",38,39,24,6,18,38,39,24,6,18,narrative_description,narrative_description,"draft label for human review: narrative_description, learner disfluency/repair",2273,human_reviewed
533,and they're very good in good relationship and seldom fight and now playing outside,35,45,24,6,18,35,45,24,6,18,narrative_description,narrative_description,"draft label for human review: narrative_description, learner disfluency/repair",4564,human_reviewed
534,This area is many tree or wide street,35,33,24,6,18,35,33,24,6,18,narrative_description,narrative_description,"draft label for human review: narrative_description, learner disfluency/repair",52639,human_reviewed
535,Ten minutes later er this train start,35,33,24,6,18,35,33,24,6,18,narrative_description,narrative_description,"draft label for human review: narrative_description, learner disfluency/repair",16079,human_reviewed
536,"and they start to argue but the man said he didn't he w was not guilty of it, right",41,37,24,6,18,41,37,24,6,18,narrative_description,narrative_description,"draft label for human review: narrative_description, learner disfluency/repair",135324,human_reviewed
537,"And on the roof of the car, there is a cat And two women is chatting",35,33,24,6,18,35,33,24,6,18,narrative_description,narrative_description,"draft label for human review: narrative_description, learner disfluency/repair",32691,human_reviewed
538,"Actually, it's he is he's alive",35,33,24,6,18,35,33,24,6,18,narrative_description,narrative_description,"draft label for human review: narrative_description, learner disfluency/repair",80252,human_reviewed
539,And there wa there are two dogs ur hm and eh two kids playing with their balls ur like volleyball,41,45,24,6,18,41,45,24,6,18,narrative_description,narrative_description,"draft label for human review: narrative_description, learner disfluency/repair",47806,human_reviewed
540,"er one time a one pay one payment is no rate, er no",35,33,24,6,18,35,33,24,6,18,narrative_description,narrative_description,"draft label for human review: narrative_description, learner disfluency/repair",122352,human_reviewed
541,"In Stradford-upon-Avon, is very beautiful river and mm grass seed field",35,45,24,6,18,35,45,24,6,18,narrative_description,narrative_description,"draft label for human review: narrative_description, learner disfluency/repair",66056,human_reviewed
542,Because he needs special training in the subject of er social study,35,33,24,6,18,35,33,24,6,18,narrative_description,narrative_description,"draft label for human review: narrative_description, learner disfluency/repair",70796,human_reviewed
543,And er there is a snowman in front of the car,35,33,24,6,18,35,33,24,6,18,narrative_description,narrative_description,"draft label for human review: narrative_description, learner disfluency/repair",34935,human_reviewed
544,And he she is er walked the dog,35,33,24,6,18,35,33,24,6,18,narrative_description,narrative_description,"draft label for human review: narrative_description, learner disfluency/repair",12057,human_reviewed
545,"Mm but ee it is ur hot day, isn't it So little tired",35,37,24,6,18,35,37,24,6,18,narrative_description,narrative_description,"draft label for human review: narrative_description, learner disfluency/repair",52828,human_reviewed
546,And there is a very large very huge park,35,45,24,6,18,35,45,24,6,18,narrative_description,narrative_description,"draft label for human review: narrative_description, learner disfluency/repair",110017,human_reviewed
547,"And in this floor, ahh there are three tables and each table is filled with ah customers",35,33,24,6,18,35,33,24,6,18,narrative_description,narrative_description,"draft label for human review: narrative_description, learner disfluency/repair",109896,human_reviewed
548,"And maybe you jus you can just talk when you are free On the phone,",35,33,24,6,18,35,33,24,6,18,narrative_description,narrative_description,"draft label for human review: narrative_description, learner disfluency/repair",132171,human_reviewed
549,She is desperate uum er and ano out of out of house,35,41,24,6,18,35,41,24,6,18,narrative_description,narrative_description,"draft label for human review: narrative_description, learner disfluency/repair",57559,human_reviewed
550,er he his cell phone dropped on the road,35,33,24,6,18,35,33,24,6,18,narrative_description,narrative_description,"draft label for human review: narrative_description, learner disfluency/repair",123224,human_reviewed
551,And er err a man err is tasting red wine,35,33,24,6,18,35,33,24,6,18,narrative_description,narrative_description,"draft label for human review: narrative_description, learner disfluency/repair",56227,human_reviewed
552,The shuttle doesn't fly a little higher like if you don't use the really wrist,35,45,24,6,18,35,45,24,6,18,narrative_description,narrative_description,"draft label for human review: narrative_description, learner disfluency/repair",135950,human_reviewed
553,"And there is a box and in the box, there're a kitten ahm cat or do mm cat they found a cat",41,37,24,6,18,41,37,24,6,18,narrative_description,narrative_description,"draft label for human review: narrative_description, learner disfluency/repair",127194,human_reviewed
554,And there is a dog and a cat in the room,35,33,24,6,18,35,33,24,6,18,narrative_description,narrative_description,"draft label for human review: narrative_description, learner disfluency/repair",104690,human_reviewed
555,hum the dog all uhh brown,35,33,24,6,18,35,33,24,6,18,narrative_description,narrative_description,"draft label for human review: narrative_description, learner disfluency/repair",25348,human_reviewed
556,And uh also there is a museum and a museum park,35,33,24,6,18,35,33,24,6,18,narrative_description,narrative_description,"draft label for human review: narrative_description, learner disfluency/repair",139192,human_reviewed
557,So sometime he ge he come back home little tired because of the crowded trains,35,37,34,6,18,35,37,34,6,18,narrative_description,narrative_description,"draft label for human review: narrative_description, learner disfluency/repair",131217,human_reviewed
558,"on the Sunday mo morning, uh sh she went to the departments department uh because there was advertisement for sale",41,37,24,6,18,41,37,24,6,18,narrative_description,narrative_description,"draft label for human review: narrative_description, learner disfluency/repair",67249,human_reviewed
559,So he explained to the person beside him that it was his fault that he dropped his suitcase,41,41,24,6,18,41,41,24,6,18,narrative_description,narrative_description,"draft label for human review: narrative_description, learner disfluency/repair",131483,human_reviewed
560,for ur taking a dog for a walk,35,33,24,6,18,35,33,24,6,18,narrative_description,narrative_description,"draft label for human review: narrative_description, learner disfluency/repair",100556,human_reviewed
561,"After one day, you can really find the yeah, you can ski without poles",39,44,24,6,18,39,44,24,6,18,narrative_description,narrative_description,draft label for human review: narrative_description,118360,human_reviewed
562,Um her husband it was birthday um around that day,35,33,34,6,18,35,33,34,6,18,narrative_description,narrative_description,"draft label for human review: narrative_description, learner disfluency/repair",115565,human_reviewed
563,One is boy and one is girl,35,33,24,6,18,35,33,24,6,18,narrative_description,narrative_description,"draft label for human review: narrative_description, learner disfluency/repair",14770,human_reviewed
564,They vi ee visited this restaurant and then celebrate their anniversary,35,33,24,6,18,35,33,24,6,18,narrative_description,narrative_description,"draft label for human review: narrative_description, learner disfluency/repair",75825,human_reviewed
565,So ur how urm how long does it take to get to there,35,37,24,6,18,35,37,24,6,18,narrative_description,narrative_description,"draft label for human review: narrative_description, learner disfluency/repair",39840,human_reviewed
566,There is eh no people in lift,35,33,24,6,18,35,33,24,6,18,narrative_description,narrative_description,"draft label for human review: narrative_description, learner disfluency/repair",110679,human_reviewed
567,"Erm maybe mm this is afternoon, because er some boys and girls are playing",35,33,24,6,18,35,33,24,6,18,narrative_description,narrative_description,"draft label for human review: narrative_description, learner disfluency/repair",108650,human_reviewed
568,There must be a room seat available in that train,35,33,24,6,18,35,33,24,6,18,narrative_description,narrative_description,"draft label for human review: narrative_description, learner disfluency/repair",105129,human_reviewed
569,"She's just staring at her ur front, just watching straight and trying to keep her ur bougen",35,33,24,6,18,35,33,24,6,18,narrative_description,narrative_description,"draft label for human review: narrative_description, learner disfluency/repair",118342,human_reviewed
570,she pay she paid err the money for uh the foods And sh she carried,35,33,24,6,18,35,33,24,6,18,narrative_description,narrative_description,"draft label for human review: narrative_description, learner disfluency/repair",67799,human_reviewed
571,"Because many people wan wanted to would like to go there, so the price is hi mm get ur higher",51,49,26,6,18,51,49,26,6,18,narrative_description,narrative_description,"draft label for human review: narrative_description, learner disfluency/repair",33319,human_reviewed
572,Uum so it was difficult to keep the temperature of the mm temperature of the water in a tank,41,41,24,6,18,41,41,24,6,18,narrative_description,narrative_description,"draft label for human review: narrative_description, learner disfluency/repair",53817,human_reviewed
573,"And that er ""It was your fault to drop the baggage",35,33,24,6,18,35,33,24,6,18,narrative_description,narrative_description,"draft label for human review: narrative_description, learner disfluency/repair",132309,human_reviewed
574,Ur if you can if you can ex consider of getting this back to your store,35,33,24,6,18,35,33,24,6,18,narrative_description,narrative_description,"draft label for human review: narrative_description, learner disfluency/repair",129127,human_reviewed
575,"And, ur is there time difference in Japan and Australia",35,33,24,6,18,35,33,24,6,18,narrative_description,narrative_description,"draft label for human review: narrative_description, learner disfluency/repair",93899,human_reviewed
576,"mm na now that now that the son is twenty years old, he can drink with his father",41,37,34,6,18,41,37,34,6,18,narrative_description,narrative_description,"draft label for human review: narrative_description, learner disfluency/repair",72888,human_reviewed
577,"And in the center of the picture, there are a man and a woman",35,33,24,6,18,35,33,24,6,18,narrative_description,narrative_description,"draft label for human review: narrative_description, learner disfluency/repair",60580,human_reviewed
578,"Well err wh where do you know well about err that area, Yurakucho or Ginza or erm Tokyo Station",41,37,24,6,18,41,37,24,6,18,narrative_description,narrative_description,"draft label for human review: narrative_description, learner disfluency/repair",86014,human_reviewed
579,Ah he is er he urn the dog is,35,33,24,6,18,35,33,24,6,18,narrative_description,narrative_description,"draft label for human review: narrative_description, learner disfluency/repair",39629,human_reviewed
580,"And, when a girl opened the box, she found a little kitten and seems like she is ah willing to take the cat in care",38,47,24,6,36,38,47,24,6,36,narrative_description,narrative_description,"draft label for human review: narrative_description, learner disfluency/repair",37205,human_reviewed
581,They ah ordered beer and fish dishes and chicken,42,30,24,6,18,42,30,24,6,18,narrative_description,narrative_description,draft label for human review: narrative_description,12833,human_reviewed
582,"and the cat was so cute, and the sister liked the cat very much",35,45,34,6,18,35,45,34,6,18,narrative_description,narrative_description,"draft label for human review: narrative_description, learner disfluency/repair",82479,human_reviewed
583,You can find the information um through the ee search engine sights,35,33,24,6,18,35,33,24,6,18,narrative_description,narrative_description,"draft label for human review: narrative_description, learner disfluency/repair",115503,human_reviewed
584,"And then, listened what they are th talking",35,33,24,6,18,35,33,24,6,18,narrative_description,narrative_description,"draft label for human review: narrative_description, learner disfluency/repair",106085,human_reviewed
585,"wha where do you go to the movie yeah, watch the movie",35,33,24,10,18,35,33,24,10,18,narrative_description,narrative_description,"draft label for human review: narrative_description, learner disfluency/repair",98549,human_reviewed
586,They saw lots of animals like lion or monkey,35,41,24,6,18,35,41,24,6,18,narrative_description,narrative_description,"draft label for human review: narrative_description, learner disfluency/repair",2623,human_reviewed
587,And ah and mm they ah went to theater er they went to thea mm theater ah in the afternoon,41,37,24,6,18,41,37,24,6,18,narrative_description,narrative_description,"draft label for human review: narrative_description, learner disfluency/repair",2213,human_reviewed
588,"Ur When John tried to turn left, ur Steve he ur he winds Steve",35,33,24,6,18,35,33,24,6,18,narrative_description,narrative_description,"draft label for human review: narrative_description, learner disfluency/repair",73637,human_reviewed
589,Ahm one ahm the elder daughter is er twenty-one years old,35,33,24,6,18,35,33,24,6,18,narrative_description,narrative_description,"draft label for human review: narrative_description, learner disfluency/repair",114090,human_reviewed
590,even though they er they ready for us,35,33,24,6,18,35,33,24,6,18,narrative_description,narrative_description,"draft label for human review: narrative_description, learner disfluency/repair",94431,human_reviewed
591,mm was bla was to it was to be blamed for the motorcyclist 'cause the motorcyclist using was using cellular phones And a policeman,41,37,24,6,18,41,37,24,6,18,narrative_description,narrative_description,"draft label for human review: narrative_description, learner disfluency/repair",71214,human_reviewed
592,"And then from the other side, er there was a man driving a motorcycle",42,30,24,6,18,42,30,24,6,18,narrative_description,narrative_description,draft label for human review: narrative_description,137659,human_reviewed
593,"And er two dogs are also, ah watching each other in front of the house",35,33,24,6,18,35,33,24,6,18,narrative_description,narrative_description,"draft label for human review: narrative_description, learner disfluency/repair",22657,human_reviewed
594,"And then, ah suddenly, er Manabu was so care careless and drop his cell phone on a Kimio's car",38,43,24,6,18,38,43,24,6,18,narrative_description,narrative_description,"draft label for human review: narrative_description, learner disfluency/repair",31016,human_reviewed
595,I like urm I like bright bright colors,23,43,38,9,18,23,43,38,9,18,mistake_or_hesitation,repair_disfluency,"draft label for human review: repair_disfluency, learner disfluency/repair",43848,human_reviewed
596,Since there is only three rows,35,33,24,6,18,35,33,24,6,18,narrative_description,narrative_description,"draft label for human review: narrative_description, learner disfluency/repair",81851,human_reviewed
597,It it is a scene of restaurant,23,35,30,9,18,23,35,30,9,18,mistake_or_hesitation,repair_disfluency,"draft label for human review: repair_disfluency, learner disfluency/repair",67197,human_reviewed
598,"uhm oh yeah, actually, just one student is listening, just one",28,33,39,6,18,28,33,39,6,18,personal_statement,personal_statement,"draft label for human review: personal_statement, learner disfluency/repair",91582,human_reviewed
599,"But for long time, I live a I live apartment",38,28,47,6,18,38,28,47,6,18,personal_statement,personal_statement,"draft label for human review: personal_statement, personal or direct-address speech",64444,human_reviewed
600,"And er every morning, I change the water and er I add the meal its meal, and er change the paper,",34,37,47,6,18,34,37,47,6,18,personal_statement,personal_statement,"draft label for human review: personal_statement, personal or direct-address speech, learner disfluency/repair",6143,human_reviewed
